OBJECTID,IGS_ID,Permit_Number,County,Land_Type,Land_Number,Township,Range,Operator_Name,Lease_Name,Well_Number,Status,Twp_Direction,Rng_Direction,HydroFrac,Utmx,Utmy,Method,ClassII,permit_int,igs_int,Scan Status,Current Status,x,y
641,100146,100146,Daviess,Section,5,2,5,Hart Bros. Oil Co.,Graves,4,Orphaned,N,W,0,501562,4275692,scaled,,100146,100146,,0,-9682798.5995,4668776.6747
57280,157746,1012,Blackford,Section,8,23,11,Clamme,Clamme,1,Orphaned,N,E,0,644055,4479111,gps,,1012,157746,,1,-9495687.5889,4931580.2803
58226,158715,10139,Henry,Section,20,17,10,Antonetto Fort,ANTONETTO FORT,1,Orphaned,N,E,,634893,4418908,gps,,10139,158715,N,1,-9509114.8852,4852805.125
11949,111602,1022,Posey,Section,8,6,12,Nelson Development Company,Peter & Caroline Horstman,3,Orphaned,S,W,,430653,4208384,scaled,,1022,111602,N,1,-9772746.1705,4582323.1292
45402,145485,11267,Rush,Section,25,13,9,Austin & Lorinda Willis,AUSTIN & LORINDA WILLIS,1,Orphaned,N,E,,630684,4378669,gps,,11267,145485,N,1,-9515483.8093,4800440.3863
15557,115246,115246,Pike,Section,22,1,9,Consolidated Oil Development Co.,J.Q. McDaniel,1,Orphaned,S,W,0,465155,4251942,gps,,115246,115246,,1,-9729228.274,4638225.6223
15639,115331,115331,Pike,Section,23,1,9,unknown,Enos Loveless,1,Orphaned,S,W,,467341,4252629,gps,,115331,115331,,1,-9726444.446,4639117.0194
46607,146692,116,Shelby,Section,3,14,7,J. Harvey Snider Etal,Kemper,1,Orphaned,N,E,0,609243,4394142,gps,,116,146692,,1,-9542971.1857,4821016.4178
16645,116347,116347,Pike,Section,26,2,8,Murphy Oil Co.,J. Yeager,,Orphaned,S,W,,476372,4240268,gps,,116347,116347,,1,-9714881.7164,4623341.0924
3099,102643,11804,Vanderburgh,Section,25,5,11,"A. Dewus, Jr. Exploration & Producing, Inc.",Marie D. Knighton,1,Orphaned,S,W,,449015,4212944,scaled,,11804,102643,N,1,-9749495.8704,4588304.3532
20587,120335,1188,Sullivan,Section,34,8,10,C.C. Davis,Huff,5,Orphaned,N,W,,455881,4326370,pdms,,1188,120335,,1,-9741582.3493,4733903.2617
21112,120860,120860,Sullivan,Section,36,9,10,Cummins Petroleum Co.,M.J.Beard   a/c 1,11,Orphaned,N,W,,459427,4336249,aerophoto,,120860,120860,,1,-9737084.1867,4746702.5604
21116,120864,120864,Sullivan,Section,36,9,10,Cummins Petroleum Co.,M.J. Beard  a/c 1,9,Orphaned,N,W,,459566,4336303,aerophoto,,120864,120864,,1,-9736905.4171,4746773.3619
21121,120869,120869,Sullivan,Section,36,9,10,Cummins Petroleum Co.,M.J.Beard a/c 1,WS-1,Orphaned,N,W,,459423,4336494,scaled,,120869,120869,,1,-9737090.9768,4747019.5478
21203,120952,120952,Sullivan,Section,36,9,10,Kennedy Oil Co.,Jennie Heien Wood,2,Orphaned,N,W,,459953,4336423,scaled,,120952,120952,,1,-9736407.4786,4746931.2062
21204,120953,120953,Sullivan,Section,36,9,10,Kennedy Oil Co.,Jennie Heien Wood,5,Orphaned,N,W,,460081,4336556,scaled,,120953,120953,,1,-9736243.395,4747104.1478
21206,120955,120955,Sullivan,Section,36,9,10,Kennedy Oil Co.,Jennie Heien Wood,1,Orphaned,N,W,,460089,4336429,scaled,,120955,120955,,1,-9736232.2512,4746939.868
21207,120956,120956,Sullivan,Section,36,9,10,Kennedy Oil Co.,Jennie Heien Wood,4,Orphaned,N,W,,459947,4336515,scaled,,120956,120956,,1,-9736415.8171,4747050.2102
24909,124684,124684,Harrison,Section,4,5,4,Mahan,O'Brien,1,Orphaned,S,E,0,580267,4217787,gps,,124684,124684,,1,-9582881.0554,4594176.2983
25072,124850,124850,Harrison,Section,7,6,5,New Boston Oil & Gas Corp.,Fox,Unknown,Orphaned,S,E,,588320,4206804,gps,,124850,124850,,1,-9572808.4488,4580078.1596
25073,124851,124851,Harrison,Section,7,6,5,New Boston Oil & Gas Corp.,Fox,Unknown,Orphaned,S,E,,588299,4206813,gps,,124851,124851,,1,-9572834.9492,4580089.9066
26893,126706,126706,Marion,Section,27,17,5,Oaklandon Gas & Oil Co.,Pickle,1,Orphaned,N,E,0,590281,4416240,gps,,126706,126706,,0,-9567245.9615,4850177.8707
2881,102423,12701,Vanderburgh,Section,33,5,10,Truman W. Drake,JOHN EFFINGER,2A,Orphaned,S,W,,452172,4211040,pdms,,12701,102423,N,1,-9745475.6643,4585902.8529
60284,161000,12876,Sullivan,Section,5,8,9,Ottinger & Burgin,Shields,1,Orphaned,N,W,0,461590,4335461,gps,,12876,161000,,1,-9734291.7531,4745697.1086
34721,134635,134635,Decatur,Section,9,8,8,Deniston,Deniston,Unknown,Orphaned,N,E,0,617945,4334470,gps,,134635,134635,,1,-9532848.5528,4743389.2022
34754,134669,134669,Decatur,Section,10,9,8,Fisher,Fisher,Unknown,Orphaned,N,E,,619642,4343700,gps,,134669,134669,,1,-9530481.1237,4755298.7592
34769,134684,134684,Decatur,Section,33,9,8,"Unknown Operator, North",Unknown,Unknown,Orphaned,N,E,,616628,4338482,gps,,134684,134684,,1,-9534467.8538,4748604.2478
34881,134812,134812,Decatur,Section,22,9,9,Hoeing,Hoeing,Unknown,Orphaned,N,E,0,629074,4341320,gps,,134812,134812,,1,-9518370.0343,4752023.8574
34910,134841,134841,Decatur,Section,32,9,9,"Unknown Operator, North",Unknown,Unknown,Orphaned,N,E,,625695,4337554,gps,,134841,134841,,1,-9522803.4715,4747222.1849
34923,134854,134854,Decatur,Section,36,9,9,"Unknown Operator, North",Hahn,Unknown,Orphaned,N,E,0,632426,4338880,gps,,134854,134854,,1,-9514102.6498,4748794.0923
34925,134856,134856,Decatur,Section,3,9,10,Draping,Draping,Unknown,Orphaned,N,E,0,638301,4347228,gps,,134856,134856,,1,-9506342.271,4759468.2007
34941,134873,134873,Decatur,Section,20,9,10,Millhousen Natural Gas & Oil Co.,Millhousen Town Lot,Unknown,Orphaned,N,E,0,634850,4341441,gps,,134873,134873,,1,-9510922.3813,4752054.355
34988,134920,134920,Decatur,Section,1,10,9,"Unknown Operator, North",Unknown,Unknown,Orphaned,N,E,,631073,4355378,gps,,134920,134920,,1,-9515488.8293,4770190.5407
35014,134946,134946,Decatur,Section,4,10,9,"Unknown Operator, North",Brainbridge,Unknown,Orphaned,N,E,,626569,4355108,gps,,134946,134946,,1,-9521310.5073,4769937.0778
35045,134977,134977,Decatur,Section,13,10,9,Schroeder,Schroeder,Unknown,Orphaned,N,E,0,631895,4352608,gps,,134977,134977,,1,-9514487.9422,4766581.9441
35105,135039,135039,Decatur,Section,30,10,9,"Unknown Operator, North",McGee,Unknown,Orphaned,N,E,,623304,4348500,pdms,,135039,135039,,1,-9525661.4658,4761441.2263
35114,135049,135049,Decatur,Section,35,10,9,Jackson,Jackson,Unknown,Orphaned,N,E,0,630780,4348358,gps,,135049,135049,,1,-9516019.1594,4761099.654
35126,135061,135061,Decatur,Section,5,10,10,Greensburg Gas & Electric Company,Springmeir,Unknown,Orphaned,N,E,0,634629,4356954,gps,,135061,135061,,1,-9510861.917,4772155.3025
35131,135066,135066,Decatur,Section,6,10,10,"Unknown Operator, North",I.O.O.F. Home,Unknown,Orphaned,N,E,0,632864,4355957,gps,,135066,135066,,1,-9513163.4102,4770901.8746
35179,135114,135114,Decatur,Section,18,10,10,Robbins,Robbins,Unknown,Orphaned,N,E,0,633803,4352140,gps,,135114,135114,,1,-9512035.4611,4765933.2895
35180,135115,135115,Decatur,Section,18,10,10,Robbins,Robbins,Unknown,Orphaned,N,E,0,633839,4352720,gps,,135115,135115,,1,-9511976.1416,4766684.1513
35195,135130,135130,Decatur,Section,23,10,10,Decater Oil Co.,Clark,Unknown,Orphaned,N,E,0,639444,4351850,gps,,135130,135130,,1,-9504761.393,4765429.386
35196,135131,135131,Decatur,Section,23,10,10,Doles,Doles,Unknown,Orphaned,N,E,,639217,4351546,gps,,135131,135131,,1,-9505061.3669,4765040.7209
35271,135208,135208,Decatur,Section,14,11,8,Reed,Reed,Unknown,Orphaned,N,E,0,620486,4362667,gps,,135208,135208,,1,-9529014.2475,4779867.4128
35296,135233,135233,Decatur,Section,26,11,8,Zoller Gas Co.,Reed,38,Orphaned,N,E,,619990,4358513,gps,,135233,135233,,1,-9529738.2182,4774487.7764
35317,135255,135255,Decatur,Section,1,11,9,Clarksburg Gas Co.,Meek,Unknown,Orphaned,N,E,,632113,4365467,gps,,135255,135255,,1,-9513924.4039,4783256.2801
35321,135259,135259,Decatur,Section,2,11,9,Greensburg Gas & Electric Company,Metzler,Unknown,Orphaned,N,E,,629892,4365420,pdms,,135259,135259,,1,-9516797.0688,4783243.9233
35322,135260,135260,Decatur,Section,2,11,9,Greensburg Gas & Electric Company,Wilkinson,Unknown,Orphaned,N,E,,629562,4365690,gps,,135260,135260,,1,-9517217.9178,4783601.591
35328,135266,135266,Decatur,Section,3,11,9,"Unknown Operator, North",Rogers,Unknown,Orphaned,N,E,,628053,4365353,gps,,135266,135266,,1,-9519176.2598,4783196.6097
35341,135279,135279,Decatur,Section,8,11,9,Taylor,Taylor,Unknown,Orphaned,N,E,,625677,4363287,gps,,135279,135279,,1,-9522291.5922,4780565.323
35347,135285,135285,Decatur,Section,11,11,9,"Unknown Operator, North",Unknown,Unknown,Orphaned,N,E,,630787,4364093,gps,,135285,135285,,1,-9515668.7754,4781501.9217
35367,135305,135305,Decatur,Section,13,11,9,"Unknown Operator, North",Unknown,Unknown,Orphaned,N,E,,630910,4362547,gps,,135305,135305,,1,-9515543.4473,4779492.8377
35375,135313,135313,Decatur,Section,14,11,9,"Unknown Operator, North",Sefton,Unknown,Orphaned,N,E,,629705,4361710,gps,,135313,135313,,1,-9517118.934,4778432.9612
35383,135321,135321,Decatur,Section,16,11,9,"Unknown Operator, North",Robertson,Unknown,Orphaned,N,E,,626844,4363224,gps,,135321,135321,,1,-9520784.4159,4780458.9422
35391,135329,135329,Decatur,Section,17,11,9,White,White,Unknown,Orphaned,N,E,,625240,4362034,gps,,135329,135329,,1,-9522882.5834,4778948.412
35424,135362,135362,Decatur,Section,24,11,9,"Unknown Operator, North",Sefton,Unknown,Orphaned,N,E,,630936,4361425,gps,,135362,135362,,1,-9515534.2743,4778036.3889
35429,135367,135367,Decatur,Section,26,11,9,"Unknown Operator, North",Hamilton,Unknown,Orphaned,N,E,,630897,4358712,gps,,135367,135367,,1,-9515643.6797,4774517.7765
35432,135370,135370,Decatur,Section,27,11,9,"Unknown Operator, North",Hunter,Unknown,Orphaned,N,E,,628082,4360020,gps,,135370,135370,,1,-9519252.396,4776275.2498
35443,135381,135381,Decatur,Section,30,11,9,"Unknown Operator, North",Unknown,Unknown,Orphaned,N,E,,622990,4359825,gps,,135381,135381,,1,-9525835.7539,4776128.9177
35447,135385,135385,Decatur,Section,31,11,9,"Unknown Operator, North",Unknown,Unknown,Orphaned,N,E,,624171,4358207,gps,,135385,135385,,1,-9524343.1694,4774005.7828
35449,135387,135387,Decatur,Section,32,11,9,"Unknown Operator, North",Callicot,Unknown,Orphaned,N,E,,625646,4357635,gps,,135387,135387,,1,-9522449.6876,4773233.2123
35464,135402,135402,Decatur,Section,6,11,10,"Unknown Operator, North",Unknown,Unknown,Orphaned,N,E,,632614,4365118,gps,,135402,135402,,1,-9513284.3494,4782792.1513
35465,135403,135403,Decatur,Section,6,11,10,"Unknown Operator, North",Shirk,Unknown,Orphaned,N,E,0,633043,4365585,gps,,135403,135403,,1,-9512719.3575,4783388.8421
2864,102406,13542,Vanderburgh,Section,33,5,10,Truman W. Drake,JOHN EFFINGER,3B,Orphaned,S,W,,452791,4211420,pdms,,13542,102406,N,1,-9744693.1615,4586391.5596
35487,135425,135425,Decatur,Section,34,12,8,St. Paul Natural Gas & Oil Co.,Allison,Unknown,Orphaned,N,E,0,619382,4366890,gps,,135425,135425,,1,-9530357.3134,4785371.6026
35489,135427,135427,Decatur,Section,34,12,8,St. Paul Natural Gas & Oil Co.,Allison,Unknown,Orphaned,N,E,0,618989,4367113,gps,,135427,135427,,1,-9530861.1572,4785669.0111
35507,135445,135445,Decatur,Section,34,12,9,"Unknown Operator, North",Rice,Unknown,Orphaned,N,E,,628046,4366929,gps,,135445,135445,,1,-9519151.6875,4785242.8678
35509,135447,135447,Decatur,Section,34,12,9,"Unknown Operator, North",Shellhorn,Unknown,Orphaned,N,E,,628585,4367532,gps,,135447,135447,,1,-9518441.7157,4786014.2698
35510,135448,135448,Decatur,Section,36,12,9,"Unknown Operator, North",Unknown,Unknown,Orphaned,N,E,0,631589,4368130,gps,,135448,135448,,1,-9514543.506,4786725.3841
35610,135565,135565,Delaware,Section,7,20,10,Crapo,Crapo,1,Orphaned,N,E,0,632731,4451770,pdms,,135565,135565,,1,-9511179.9641,4895900.5205
8566,108187,13558,Dubois,Section,29,3,5,Luther Byers,LUTHER BYERS,1,Orphaned,S,W,,500252,4230080,gps,,13558,108187,N,1,-9684475.8143,4610367.1577
35704,135670,135670,Delaware,Section,16,21,10,"Unknown Operator, North",Unknown,Unknown,Orphaned,N,E,0,635569,4458520,gps,,135670,135670,,0,-9507310.431,4904698.8828
35715,135685,135685,Delaware,Section,4,21,11,"Unknown Operator, North",Black,Unknown,Orphaned,N,E,0,645219,4463035,gps,,135685,135685,,1,-9494567.8897,4910395.987
36225,136241,136241,Grant,Section,5,22,9,Indiana Natural Gas and Oil Co.,Kirkwood,1,Orphaned,N,E,,624287,4470856,gps,,136241,136241,,1,-9521808.9361,4921176.6864
36933,136982,136982,Grant,Section,36,24,6,"Unknown Operator, North",Unknown,Unknown,Orphaned,N,E,0,602404,4481690,gps,,136982,136982,,1,-9550304.8837,4935882.6064
37404,137453,137453,Grant,Section,16,25,6,"Unknown Operator, North",Unknown,Unknown,Orphaned,N,E,0,597603,4497270,pdms,,137453,137453,,1,-9556341.0989,4956526.3833
38672,138730,138730,Hamilton,Section,20,18,6,Fleming,Bell,Unknown,Orphaned,N,E,0,597101,4428613,gps,,138730,138730,,1,-9558162.2121,4866252.512
38690,138748,138748,Hamilton,Section,31,18,6,Unknown,Kinnaman,Unknown,Orphaned,N,E,0,594751,4424960,gps,,138748,138748,,1,-9561285.6902,4861510.3745
38693,138751,138751,Hamilton,Section,32,18,6,Unknown,Burk,Unknown,Orphaned,N,E,0,595928,4424490,gps,,138751,138751,,1,-9559759.4284,4860876.144
38694,138752,138752,Hamilton,Section,32,18,6,Kinnaman,Hensley,1,Orphaned,N,E,0,597132,4424380,gps,,138752,138752,,1,-9558192.1984,4860712.2627
39008,139066,139066,Hamilton,Section,19,19,6,Unknown,Aldred,Unknown,Orphaned,N,E,0,595285,4437290,gps,,139066,139066,,0,-9560388.123,4877647.852
39117,139175,139175,Hamilton,Section,23,20,4,Arcadia Brick Works,Hollett,Unknown,Orphaned,N,E,0,581489,4446680,gps,,139175,139175,,1,-9578266.2424,4890173.1181
39136,139194,139194,Hamilton,Section,32,20,4,Unknown,Anthony,1,Orphaned,N,E,0,576003,4442802,gps,,139194,139194,,1,-9585488.0981,4885160.269
39191,139249,139249,Hamilton,Section,33,20,5,Unknown,Mosbaugh,Unknown,Orphaned,N,E,0,588709,4443780,gps,,139249,139249,,1,-9568873.4255,4886261.8097
39242,139300,139300,Hancock,Section,29,15,6,Unknown,Herrlick,0,Orphaned,N,E,0,595730,4397280,gps,,139300,139300,,1,-9560460.3994,4825341.4508
39260,139318,139318,Hancock,Section,9,15,7,Unknown,Morehead,0,Orphaned,N,E,0,607432,4402570,gps,,139318,139318,,1,-9545168.7042,4832038.5495
39282,139340,139340,Hancock,Section,15,15,7,J. Harvey Snider Etal,Barrett,2,Orphaned,N,E,0,607862,4400070,gps,,139340,139340,,1,-9544655.6193,4828769.8015
39310,139368,139368,Hancock,Section,22,15,7,Unknown,Duncan,1,Orphaned,N,E,0,607599,4398988,gps,,139368,139368,,1,-9545016.9414,4827363.6316
39325,139384,139384,Hancock,Section,28,15,7,J. Harvey Snider Etal,Jonas,0,Orphaned,N,E,0,607392,4398315,gps,,139384,139384,,1,-9545298.0111,4826489.8818
39347,139406,139406,Hancock,Section,18,15,8,Unknown,Binford,0,Orphaned,N,E,0,613775,4401490,gps,,139406,139406,,1,-9536947.6473,4830510.4659
39353,139412,139412,Hancock,Section,28,15,8,Blue River Gas Company,Jessup,0,Orphaned,N,E,0,615553,4397612,gps,,139412,139412,,1,-9534713.5648,4825418.9507
39361,139420,139420,Hancock,Section,12,16,5,Ohio Oil Company,Stoner,1,Orphaned,N,E,0,591322,4412010,gps,,139420,139420,,1,-9565956.533,4844634.6057
39369,139428,139428,Hancock,Section,9,16,6,Steele,Steele,0,Orphaned,N,E,0,595970,4411008,gps,,139428,139428,,1,-9559925.3882,4843251.4826
39483,139542,139542,Hancock,Section,3,16,8,Shelbyville Gas Co.,Conklin,1,Orphaned,N,E,0,618351,4413340,gps,,139542,139542,,1,-9530764.7442,4845887.8584
39492,139551,139551,Hancock,Section,4,16,8,Shelbyville Gas Co.,Smith,0,Orphaned,N,E,0,615822,4414505,gps,,139551,139551,,1,-9534032.3415,4847460.4267
39538,139597,139597,Hancock,Section,15,16,8,Shelbyville Gas Co.,Simmons,0,Orphaned,N,E,0,618061,4410600,gps,,139597,139597,,1,-9531197.0944,4842315.11
39584,139644,139644,Hancock,Section,23,16,8,Knightstown Natural Gas Co. Inc.,Haywood,0,Orphaned,N,E,0,619248,4408643,gps,,139644,139644,,1,-9529692.8698,4839735.9108
39667,139727,139727,Hancock,Section,13,17,6,Vernon Natural Gas & Oil Co.,Humbles,0,Orphaned,N,E,0,602877,4420678,gps,,139727,139727,,1,-9550770.6475,4855771.4411
39692,139752,139752,Hancock,Section,17,17,6,Vernon Natural Gas & Oil Co.,Davis,0,Orphaned,N,E,0,596416,4420461,gps,,139752,139752,,1,-9559189.8637,4855598.0637
39742,139802,139802,Hancock,Section,9,17,7,Hoover Gas Co.,Jackson,0,Orphaned,N,E,0,608492,4421630,gps,,139802,139802,,1,-9543439.5694,4856914.6263
39751,139811,139811,Hancock,Section,12,17,7,Unknown,Collingwood,0,Orphaned,N,E,0,612405,4420933,gps,,139811,139811,,1,-9538355.8597,4855929.0357
39759,139819,139819,Hancock,Section,13,17,7,Unknown,Richart,0,Orphaned,N,E,0,612977,4420490,gps,,139819,139819,,1,-9537619.3958,4855338.7214
39761,139821,139821,Hancock,Section,14,17,7,Unknown,Atkins,0,Orphaned,N,E,0,610949,4420106,gps,,139821,139821,,1,-9540267.9322,4854875.5542
39762,139822,139822,Hancock,Section,14,17,7,Unknown,Chapple,0,Orphaned,N,E,0,611018,4419462,gps,,139822,139822,,0,-9540190.2755,4854032.2455
39764,139824,139824,Hancock,Section,14,17,7,Unknown,Keller,1,Orphaned,N,E,0,610988,4419664,gps,,139824,139824,,1,-9540225.5156,4854296.9129
39771,139831,139831,Hancock,Section,15,17,7,Unknown,McCarty,3,Orphaned,N,E,0,608969,4419220,gps,,139831,139831,,0,-9542863.0636,4853754.4776
39866,139926,139926,Hancock,Section,7,17,8,Unknown,Kendall,0,Orphaned,N,E,0,613680,4421610,gps,,139926,139926,,1,-9536682.0724,4856789.6196
39874,139934,139934,Hancock,Section,8,17,8,Unknown,Hopps,0,Orphaned,N,E,,616642,4422200,pdms,,139934,139934,,1,-9532812.1296,4857502.6915
39879,139939,139939,Hancock,Section,9,17,8,Unknown,McDaniel,0,Orphaned,N,E,0,618058,4422230,gps,,139939,139939,,1,-9530966.9837,4857513.4179
39884,139944,139944,Hancock,Section,9,17,8,Unknown,VanDyne,0,Orphaned,N,E,,617092,4422628,gps,,139944,139944,,1,-9532217.3742,4858053.4251
39885,139945,139945,Hancock,Section,9,17,8,Unknown,VanDyne,0,Orphaned,N,E,,617333,4422628,gps,,139945,139945,,1,-9531903.4196,4858048.5779
39892,139952,139952,Hancock,Section,14,17,8,Unknown,Hanna,0,Orphaned,N,E,0,620821,4419468,gps,,139952,139952,,1,-9527424.8113,4853845.3737
39900,139960,139960,Hancock,Section,16,17,8,Unknown,Bridges,0,Orphaned,N,E,0,617319,4420610,gps,,139960,139960,,1,-9531962.1034,4855409.9134
39914,139974,139974,Hancock,Section,18,17,8,Unknown,Martin,0,Orphaned,N,E,0,613916,4420120,gps,,139974,139974,,1,-9536403.6533,4854836.6803
39939,139999,139999,Hancock,Section,22,17,8,Unknown,Harlan,0,Orphaned,N,E,0,618339,4419370,gps,,139999,139999,,1,-9530658.7401,4853768.1112
39954,140014,140014,Hancock,Section,26,17,8,Masters Gas Co.,Lisher,0,Orphaned,N,E,0,621550,4416234,gps,,140014,140014,,1,-9526542.5896,4849603.3174
39957,140017,140017,Hancock,Section,26,17,8,Unknown,Ware,0,Orphaned,N,E,0,620708,4416227,gps,,140017,140017,,1,-9527638.6725,4849611.6201
39977,140037,140037,Hancock,Section,31,17,8,Farmers Gas Co.,Reeves,0,Orphaned,N,E,0,614761,4416100,gps,,140037,140037,,1,-9535381.8898,4849565.4545
39992,140052,140052,Hancock,Section,34,17,8,Titus,Overman,0,Orphaned,N,E,0,619186,4414670,gps,,140052,140052,,1,-9529651.3218,4847608.4176
39999,140059,140059,Hancock,Section,35,17,8,Unknown,Gebbart,0,Orphaned,N,E,0,621236,4416186,gps,,140059,140059,,1,-9526952.2798,4849547.1151
40088,140148,140148,Howard,Section,13,23,4,unknown,Wilson,0,Orphaned,N,E,0,583378,4478070,gps,,140148,140148,,1,-9575341.5734,4931422.9
40182,140242,140242,Howard,Section,1,23,5,Indiana Natural Gas & Oil Co.,Ayers,1,Orphaned,N,E,0,592951,4480090,gps,,140242,140242,,1,-9562743.7327,4933936.3469
40267,140327,140327,Howard,Section,17,23,5,unknown,unknown,0,Orphaned,N,E,0,585290,4476570,gps,,140327,140327,,0,-9572854.3694,4929418.2025
40272,140332,140332,Howard,Section,17,23,5,unknown,Osborne,0,Orphaned,N,E,,585677,4477351,gps,,140332,140332,,1,-9572334.7892,4930441.3397
40299,140359,140359,Howard,Section,21,23,5,unknown,Barrett,0,Orphaned,N,E,0,587001,4476540,pdms,,140359,140359,,0,-9570609.501,4929352.7615
40448,140508,140508,Howard,Section,33,24,4,unknown,unknown,0,Orphaned,N,E,,578842,4481165,gps,,140508,140508,,1,-9581252.653,4935566.827
40453,140514,140514,Howard,Section,34,24,4,unknown,Hennefent,0,Orphaned,N,E,0,579474,4481910,gps,,140514,140514,,1,-9580412.354,4936540.162
40540,140601,140601,Howard,Section,26,24,5,unknown,Cranor,0,Orphaned,N,E,0,591602,4483280,gps,,140601,140601,,1,-9564463.4825,4938163.541
40543,140604,140604,Howard,Section,26,24,5,unknown,Gentry,0,Orphaned,N,E,0,590392,4483020,gps,,140604,140604,,1,-9566056.8626,4937840.1426
40547,140608,140608,Howard,Section,26,24,5,unknown,Nation,0,Orphaned,N,E,0,591582,4484580,gps,,140608,140608,,1,-9564468.8281,4939878.1212
40648,140709,140709,Howard,Section,31,24,6,unknown,unknown,0,Orphaned,N,E,0,594655,4481510,gps,,140709,140709,,1,-9560483.048,4935779.8833
40653,140714,140714,Howard,Section,32,24,6,unknown,Hiatt,0,Orphaned,N,E,0,594726,4483065,gps,,140714,140714,,1,-9560363.9519,4937828.731
40908,140969,140969,Jay,Section,31,22,13,Unknown,Unknown,Unknown,Orphaned,N,E,,660335,4464808,gps,,140969,140969,,1,-9474727.0234,4912323.1988
41727,141789,141789,Jay,Section,36,24,13,unknown,unknown,0,Orphaned,N,E,,668827,4484770,gps,,141789,141789,,1,-9463017.6946,4938354.2859
41821,141884,141884,Jay,Section,23,24,14,unknown,unknown,0,Orphaned,N,E,0,678251,4487170,gps,,141884,141884,,1,-9450570.4378,4941229.2942
41822,141885,141885,Jay,Section,23,24,14,unknown,unknown,0,Orphaned,N,E,0,678234,4487020,gps,,141885,141885,,1,-9450597.4629,4941032.0866
42310,142376,142376,Madison,Section,3,17,8,Indianapolis Gas Co.,Ham,0,Orphaned,N,E,,618338,4424147,gps,,142376,142376,,1,-9530563.4625,4860015.1022
42311,142377,142377,Madison,Section,3,17,8,Consumers Gas Trust Co.,Mauzy,0,Orphaned,N,E,,618317,4422861,gps,,142377,142377,,1,-9530616.8405,4858333.4211
42313,142379,142379,Madison,Section,4,17,8,Consumers Gas Trust Co.,Booran,0,Orphaned,N,E,,617503,4422853,gps,,142379,142379,,1,-9531677.4393,4858339.4287
42343,142409,142409,Madison,Section,14,18,6,Consumers Gas Trust Co.,Shaul,0,Orphaned,N,E,0,601143,4428700,gps,,142409,142409,,1,-9552890.3797,4866297.4546
42363,142429,142429,Madison,Section,28,18,6,Consumers Gas Trust Co.,Sylvester,0,Orphaned,N,E,0,597178,4425396,gps,,142429,142429,,1,-9558115.3572,4862040.8565
42389,142455,142455,Madison,Section,5,18,7,Pendleton Natural Gas Co.,Sisson,0,Orphaned,N,E,0,606107,4433640,gps,,142455,142455,,1,-9546328.0277,4872677.5108
42398,142464,142464,Madison,Section,8,18,7,Pendleton Natural Gas Co.,Somers,1,Orphaned,N,E,0,605542,4431338,gps,,142464,142464,,1,-9547106.8967,4869672.9904
42399,142465,142465,Madison,Section,8,18,7,Pendleton Natural Gas Co.,Somers,2,Orphaned,N,E,0,605933,4431344,gps,,142465,142465,,1,-9546596.8044,4869673.7244
42411,142477,142477,Madison,Section,12,18,7,Adams & Fall Creek Gas Co.,Hull,0,Orphaned,N,E,0,612824,4431110,gps,,142477,142477,,1,-9537613.5717,4869237.4797
42412,142478,142478,Madison,Section,13,18,7,Farmers Co.,Scott,0,Orphaned,N,E,0,612641,4429820,gps,,142478,142478,,1,-9537877.1655,4867552.0982
42419,142485,142485,Madison,Section,15,18,7,Prendleton Gas Co.,Taylor & Brown,2,Orphaned,N,E,0,608777,4430560,pdms,,142485,142485,,1,-9542902.0279,4868594.5797
42437,142503,142503,Madison,Section,19,18,7,unknown,McFerrin,0,Orphaned,N,E,0,604238,4427220,gps,,142503,142503,,1,-9548881.313,4864305.5976
42469,142535,142535,Madison,Section,33,18,7,Pendleton Natural Gas Co.,Pritchard,0,Orphaned,N,E,0,607657,4425650,gps,,142535,142535,,1,-9544453.2525,4862188.7934
42475,142541,142541,Madison,Section,36,18,7,unknown,Boston,0,Orphaned,N,E,0,612520,4424780,gps,,142541,142541,,1,-9538132.0821,4860958.5278
42476,142542,142542,Madison,Section,36,18,7,Hazelwood Gas Co.,Garrettson,0,Orphaned,N,E,0,612304,4425590,gps,,142542,142542,,1,-9538397.9912,4862022.4659
42483,142550,142550,Madison,Section,3,18,8,unknown,Keesling,0,Orphaned,N,E,0,619721,4433990,gps,,142550,142550,,1,-9528559.4809,4872870.8363
42484,142551,142551,Madison,Section,3,18,8,Farmers Co.,Keesling,0,Orphaned,N,E,0,619832,4432450,gps,,142551,142551,,1,-9528446.3571,4870851.6702
42486,142553,142553,Madison,Section,5,18,8,unknown,Rector,0,Orphaned,N,E,0,616416,4433890,gps,,142553,142553,,1,-9532873.3594,4872807.1552
42496,142563,142563,Madison,Section,8,18,8,Farmers Co.,Sisk,0,Orphaned,N,E,0,616150,4430980,gps,,142563,142563,,1,-9533278.4218,4869001.6777
42497,142564,142564,Madison,Section,8,18,8,unknown,Wisehart,0,Orphaned,N,E,0,616556,4431102,gps,,142564,142564,,1,-9532746.4962,4869153.2778
42500,142567,142567,Madison,Section,11,18,8,Irondale Steel & Iron Co.,Hodson,0,Orphaned,N,E,0,620866,4431123,gps,,142567,142567,,1,-9527125.166,4869092.645
42504,142571,142571,Madison,Section,15,18,8,Irondale  Steel & Iron Co.,Rent,0,Orphaned,N,E,0,618242,4430062,gps,,142571,142571,,1,-9530568.7688,4867757.5933
42509,142576,142576,Madison,Section,18,18,8,Ovid Gas Co.,unknown,0,Orphaned,N,E,0,614754,4430624,gps,,142576,142576,,1,-9535106.0381,4868563.3301
42514,142581,142581,Madison,Section,21,18,8,unknown,Markle,1,Orphaned,N,E,0,616856,4428480,gps,,142581,142581,,1,-9532407.7823,4865714.7877
42541,142608,142608,Madison,Section,34,18,8,Indianapolis Gas Co.,Titus,0,Orphaned,N,E,0,618419,4425118,gps,,142608,142608,,1,-9530438.2521,4861283.7241
42558,142625,142625,Madison,Section,9,19,6,Dyers Creek Natural Gas & Oil Co.,Wise,0,Orphaned,N,E,0,598487,4441090,gps,,142625,142625,,0,-9556143.7905,4882575.5278
42582,142649,142649,Madison,Section,22,19,6,Consumers Gas Trust Co.,Woodward,0,Orphaned,N,E,0,599746,4438120,gps,,142649,142649,,1,-9554550.5232,4878660.4962
42622,142689,142689,Madison,Section,9,19,7,Citizens Gas Co.,Falkner,0,Orphaned,N,E,0,607826,4441807,gps,,142689,142689,,0,-9543933.7171,4883348.9344
42668,142735,142735,Madison,Section,3,19,8,unknown,Bronnenberg,0,Orphaned,N,E,0,619692,4442139,gps,,142735,142735,,0,-9528429.4509,4883550.6016
42685,142752,142752,Madison,Section,11,19,8,Richmond Natural Gas Co.,Bronnenberg,1,Orphaned,N,E,0,619765,4442080,gps,,142752,142752,,0,-9528335.3284,4883471.7291
42702,142769,142769,Madison,Section,26,19,8,unknown,Adamson,0,Orphaned,N,E,0,620607,4435657,gps,,142769,142769,,1,-9527369.0244,4875036.1191
42707,142774,142774,Madison,Section,33,19,8,unknown,Hoppas,0,Orphaned,N,E,0,618159,4435050,gps,,142774,142774,,0,-9530575.8151,4874291.3672
42715,142782,142782,Madison,Section,4,20,6,Indianapolis Gas Co.,Hoffman,0,Orphaned,N,E,0,597903,4452700,gps,,142782,142782,,0,-9556710.0811,4897819.9563
42716,142783,142783,Madison,Section,4,20,6,Indianapolis Gas Co.,Orbaugh,0,Orphaned,N,E,0,597216,4452560,gps,,142783,142783,,0,-9557611.0698,4897647.77
42809,142876,142876,Madison,Section,26,20,7,unknown,"Thomas, Morrison, & Hilligoss",0,Orphaned,N,E,0,609899,4445567,gps,,142876,142876,,1,-9541154.9143,4888241.2609
42832,142899,142899,Madison,Section,3,20,8,Consumers Gas Trust Co.,Lemon,0,Orphaned,N,E,,619233,4452992,gps,,142899,142899,,1,-9528805.2596,4897800.5622
42873,142940,142940,Madison,Section,17,20,8,Anderson Fuel Co.,Duncan,1,Orphaned,N,E,0,614802,4450120,pdms,,142940,142940,,0,-9534657.8242,4894120.2511
42881,142948,142948,Madison,Section,22,20,8,unknown,Burton,0,Orphaned,N,E,0,618887,4448569,gps,,142948,142948,,0,-9529348.8184,4892001.7486
42883,142950,142950,Madison,Section,22,20,8,unknown,Conner,0,Orphaned,N,E,0,619054,4447740,gps,,142950,142950,,1,-9529147.5869,4890910.4646
42906,142973,142973,Madison,Section,2,21,6,Citizens Gas & Mining Co.,Isenour,0,Orphaned,N,E,0,600444,4460890,gps,,142973,142973,,1,-9553243.5557,4908536.756
42962,143029,143029,Madison,Section,27,21,6,Indianapolis Gas Co.,White,0,Orphaned,N,E,0,600077,4455960,gps,,143029,143029,,1,-9553809.8327,4902064.3745
42990,143057,143057,Madison,Section,10,21,7,Manufacturers Natural Gas Co.,Montgomery,1,Orphaned,N,E,0,608126,4460090,gps,,143057,143057,,1,-9543199.6502,4907345.3306
42998,143065,143065,Madison,Section,12,21,7,Kelly Axe Co.,Heritage,0,Orphaned,N,E,0,611364,4459380,gps,,143065,143065,,1,-9538974.0967,4906350.1678
43061,143128,143128,Madison,Section,28,21,7,Manufacturers Natural Gas Co.,Fesler,0,Orphaned,N,E,,606590,4454591,gps,,143128,143128,,1,-9545312.431,4900148.8677
43083,143150,143150,Madison,Section,35,21,7,American Wire Nail Co.,Ballard,1,Orphaned,N,E,0,611311,4453740,gps,,143150,143150,,1,-9539152.4364,4898941.6809
43085,143152,143152,Madison,Section,35,21,7,Republic Iron & Steel Co.,Ellis,0,Orphaned,N,E,,611402,4454226,gps,,143152,143152,,1,-9539024.012,4899578.1805
43092,143159,143159,Madison,Section,2,21,8,unknown,Ditto,0,Orphaned,N,E,0,620123,4462700,gps,,143159,143159,,1,-9527438.7216,4910537.2443
43094,143161,143161,Madison,Section,2,21,8,unknown,Markle,2,Orphaned,N,E,0,620893,4461500,gps,,143161,143161,,1,-9526455.5768,4908943.4957
43127,143194,143194,Madison,Section,7,21,8,Ohio Oil Company,Edwards,1,Orphaned,N,E,0,614492,4459820,pdms,,143194,143194,,0,-9534870.5338,4906866.8091
43159,143226,143226,Madison,Section,9,21,8,Ohio Oil Company,Wisehart,2,Orphaned,N,E,0,617700,4460160,gps,,143226,143226,,0,-9530663.8898,4907248.6792
43200,143268,143268,Madison,Section,17,21,8,Union Trust Co.,Jordan,0,Orphaned,N,E,0,614765,4459460,gps,,143268,143268,,1,-9534520.3181,4906388.2204
43249,143318,143318,Madison,Section,27,21,8,Manufacturers Fuel Supply Co.,Benefield,2,Orphaned,N,E,0,618154,4455440,gps,,143318,143318,,0,-9530166.3641,4901037.7439
43265,143334,143334,Madison,Section,29,21,8,Union Trust Co.,Conelly,0,Orphaned,N,E,,616097,4454619,gps,,143334,143334,,1,-9532874.1926,4900001.3674
43309,143378,143378,Madison,Section,11,22,6,unknown,Foster,1,Orphaned,N,E,0,599840,4469642,gps,,143378,143378,,1,-9553882.1999,4920059.2252
43310,143379,143379,Madison,Section,11,22,6,unknown,Foster,2,Orphaned,N,E,0,599853,4470021,gps,,143379,143379,,1,-9553858.5491,4920557.8141
43311,143380,143380,Madison,Section,11,22,6,Indiana Natural Gas & Oil Co.,Jarvis,1,Orphaned,N,E,0,600296,4469950,gps,,143380,143380,,1,-9553279.0012,4920456.5945
43323,143392,143392,Madison,Section,14,22,6,unknown,Smith,0,Orphaned,N,E,0,599869,4468420,gps,,143392,143392,,1,-9553865.4838,4918450.5667
43336,143405,143405,Madison,Section,16,22,6,unknown,Steele,1,Orphaned,N,E,0,597825,4468780,gps,,143405,143405,,1,-9556538.5553,4918959.7005
43337,143406,143406,Madison,Section,16,22,6,unknown,Steele,2,Orphaned,N,E,0,598208,4468400,gps,,143406,143406,,1,-9556043.0161,4918453.0674
43354,143423,143423,Madison,Section,25,22,6,unknown,Harting,0,Orphaned,N,E,0,602636,4464130,gps,,143423,143423,,1,-9550315.3899,4912757.997
43390,143459,143459,Madison,Section,10,22,7,unknown,Doyle,0,Orphaned,N,E,0,608698,4469740,gps,,143459,143459,,1,-9542268.0217,4920026.3095
43429,143498,143498,Madison,Section,15,22,7,unknown,Ogden,1,Orphaned,N,E,0,609615,4467370,gps,,143498,143498,,1,-9541111.2433,4916890.2336
43457,143526,143526,Madison,Section,21,22,7,unknown,Smith,0,Orphaned,N,E,0,607449,4467120,gps,,143526,143526,,1,-9543954.4922,4916602.4874
43460,143529,143529,Madison,Section,22,22,7,unknown,Beeson,0,Orphaned,N,E,0,609285,4467350,gps,,143529,143529,,1,-9541544.0901,4916870.245
43467,143536,143536,Madison,Section,23,22,7,unknown,Lukens,0,Orphaned,N,E,0,610875,4466580,gps,,143536,143536,,0,-9539475.2932,4915826.6272
43496,143565,143565,Madison,Section,32,22,7,Farmers Gas Co.,Butler,0,Orphaned,N,E,0,605621,4462510,gps,,143565,143565,,1,-9546434.8812,4910573.4139
43552,143621,143621,Madison,Section,16,22,8,Indiana Natural Gas & Oil Co.,Dean,1,Orphaned,N,E,0,616878,4469150,gps,,143621,143621,,1,-9531557.0144,4919088.2067
43564,143633,143633,Madison,Section,20,22,8,unknown,unknown,0,Orphaned,N,E,0,615849,4465910,gps,,143633,143633,,1,-9532971.2419,4914846.6346
43576,143645,143645,Madison,Section,22,22,8,unknown,Thurston,0,Orphaned,N,E,0,618587,4465960,gps,,143645,143645,,1,-9529382.9403,4914856.2464
43595,143664,143664,Madison,Section,28,22,8,unknown,Webster,0,Orphaned,N,E,,617187,4465916,gps,,143664,143664,,1,-9531218.0921,4914827.2493
43613,143682,143682,Madison,Section,33,22,8,unknown,Brown,2,Orphaned,N,E,0,616462,4463890,gps,,143682,143682,,1,-9532209.0783,4912177.592
44573,144654,144654,Randolph,Section,10,19,14,Goodrich,Bright,3,Orphaned,N,E,0,675043,4441980,gps,,144654,144654,,0,-9456160.1018,4881930.7026
44580,144661,144661,Randolph,Section,11,19,14,Goodrich,Hinshaw,0,Orphaned,N,E,0,675709,4442400,gps,,144661,144661,,0,-9455278.0061,4882460.9302
44582,144663,144663,Randolph,Section,11,19,14,Monarch Gas Co.,King,0,Orphaned,N,E,,676246,4443190,gps,,144663,144663,,1,-9454552.9872,4883479.9925
44626,144707,144707,Randolph,Section,9,20,12,"Unknown Operator, North",Carl Chapman,0,Orphaned,N,E,0,654415,4452370,gps,,144707,144707,,1,-9482813.075,4896146.9282
44683,144764,144764,Randolph,Section,18,20,13,unknown,unknown,0,Orphaned,N,E,,659556,4449356,gps,,144764,144764,,1,-9476174.9263,4892051.513
44685,144766,144766,Randolph,Section,18,20,13,unknown,Gwin,0,Orphaned,N,E,,659867,4450841,gps,,144766,144766,,1,-9475727.434,4893991.3825
44699,144780,144780,Randolph,Section,36,20,13,unknown,Brumfield,0,Orphaned,N,E,,667862,4445500,gps,,144780,144780,,1,-9465432.4729,4886758.1309
44707,144788,144788,Randolph,Section,5,20,14,Monarch Gas Co.,Barnes,0,Orphaned,N,E,0,671110,4453070,pdms,,144788,144788,,0,-9460966.4656,4896593.3081
44722,144803,144803,Randolph,Section,9,20,14,Monarch Gas Co.,Potter,0,Orphaned,N,E,,672646,4452852,gps,,144803,144803,,1,-9458964.9199,4896261.2982
44727,144808,144808,Randolph,Section,16,20,14,unknown,Goodrich,0,Orphaned,N,E,,673103,4450836,gps,,144808,144808,,1,-9458427.8903,4893602.0815
44729,144810,144810,Randolph,Section,16,20,14,Monarch Gas Co.,Goodrich,0,Orphaned,N,E,,673502,4450450,gps,,144810,144810,,1,-9457918.0108,4893083.6281
44771,144852,144852,Randolph,Section,32,20,14,Monarch Gas Co.,Davis,0,Orphaned,N,E,,672114,4445650,gps,,144852,144852,,1,-9459874.6843,4886829.5737
44772,144853,144853,Randolph,Section,32,20,14,unknown,Fruit,0,Orphaned,N,E,,672331,4446130,gps,,144853,144853,,1,-9459576.9937,4887452.4892
44773,144854,144854,Randolph,Section,32,20,14,Rock Oil Co.,Wysong,0,Orphaned,N,E,,672143,4445290,gps,,144854,144854,,1,-9459847.5038,4886356.6905
44791,144872,144872,Randolph,Section,5,21,12,unknown,Babb,0,Orphaned,N,E,,651714,4462050,gps,,144872,144872,,0,-9486089.6423,4908932.8974
44819,144901,144901,Randolph,Section,24,21,12,unknown,unknown,0,Orphaned,N,E,,658248,4457164,gps,,144901,144901,,1,-9477670.2724,4902336.997
44825,144907,144907,Randolph,Section,26,21,12,Walker & Brant,Pursley,1,Orphaned,N,E,,656856,4455542,gps,,144907,144907,,1,-9479535.4535,4900245.1431
44876,144958,144958,Randolph,Section,34,21,12,unknown,Miller,0,Orphaned,N,E,,655956,4455080,pdms,,144958,144958,,1,-9480725.1084,4899663.013
44906,144988,144988,Randolph,Section,7,21,13,Goodrich,Uphaus,0,Orphaned,N,E,,660490,4461451,gps,,144988,144988,,0,-9474617.7844,4907906.5631
44963,145045,145045,Randolph,Section,14,21,14,unknown,Fields,0,Orphaned,N,E,,674061,4457685,gps,,145045,145045,,1,-9456969.3077,4902563.5182
45057,145139,145139,Rush,Section,1,12,8,Wagoner,Wagoner,Unknown,Orphaned,N,E,0,621722,4375520,gps,,145139,145139,,1,-9527155.5885,4796536.4189
45058,145140,145140,Rush,Section,2,12,8,Unknown,Fisher,Unknown,Orphaned,N,E,0,620655,4375374,gps,,145140,145140,,1,-9528540.0041,4796368.3562
45059,145141,145141,Rush,Section,2,12,8,Unknown,Kney,Unknown,Orphaned,N,E,0,619880,4375200,gps,,145141,145141,,1,-9529546.8911,4796157.8338
45068,145150,145150,Rush,Section,10,12,8,"Thompson Avenue Gas, Oil & Water Co.",Thompson,Unknown,Orphaned,N,E,0,618642,4374451,gps,,145150,145150,,1,-9531164.577,4795209.0687
45088,145170,145170,Rush,Section,23,12,8,Farmers Co.,Apple,Unknown,Orphaned,N,E,0,620670,4371290,gps,,145170,145170,,1,-9528602.9654,4791060.6706
45098,145180,145180,Rush,Section,25,12,8,Woodard,Woodard,Unknown,Orphaned,N,E,0,621546,4368874,gps,,145180,145180,,1,-9527518.4242,4787904.4811
45103,145185,145185,Rush,Section,27,12,8,Hope Gas Co.,Apple,Unknown,Orphaned,N,E,0,618712,4368799,gps,,145185,145185,,1,-9531186.0347,4787864.0945
45116,145198,145198,Rush,Section,3,12,9,Central Fuel Co.,Piper,1,Orphaned,N,E,0,627928,4375480,gps,,145198,145198,,1,-9519121.6106,4796354.286
45133,145215,145215,Rush,Section,7,12,9,Alter,Alter,Unknown,Orphaned,N,E,0,623923,4372890,gps,,145215,145215,,1,-9524360.4407,4793072.8716
45135,145217,145217,Rush,Section,7,12,9,Warner,Warner,Unknown,Orphaned,N,E,0,624162,4372930,gps,,145217,145217,,1,-9524050.2834,4793119.8752
45164,145247,145247,Rush,Section,13,12,9,Unknown,Jackman,Unknown,Orphaned,N,E,,631743,4371479,gps,,145247,145247,,1,-9514270.6938,4791071.8837
45172,145255,145255,Rush,Section,14,12,9,Brown,Brown,Unknown,Orphaned,N,E,0,630639,4372724,gps,,145255,145255,,1,-9515672.046,4792713.7434
45176,145259,145259,Rush,Section,14,12,9,Power,Power,Unknown,Orphaned,N,E,0,630321,4371438,gps,,145259,145259,,1,-9516111.5886,4791049.862
45179,145262,145262,Rush,Section,15,12,9,Green,Green,Unknown,Orphaned,N,E,0,628109,4371430,gps,,145262,145262,,1,-9518974.0098,4791087.3956
45180,145263,145263,Rush,Section,15,12,9,Milroy Gas Co.,Hammond,Unknown,Orphaned,N,E,0,629143,4372969,gps,,145263,145263,,1,-9517602.8409,4793064.6967
45185,145268,145268,Rush,Section,16,12,9,Unknown,Harcourt,Unknown,Orphaned,N,E,0,625964,4372370,gps,,145268,145268,,1,-9521729.8265,4792354.3997
45191,145274,145274,Rush,Section,18,12,9,Wright,Wright,Unknown,Orphaned,N,E,0,623592,4372284,gps,,145274,145274,,1,-9524801.3559,4792292.3064
45248,145331,145331,Rush,Section,6,12,10,Anderson,Anderson,Unknown,Orphaned,N,E,0,633412,4375800,pdms,,145331,145331,,1,-9512014.7422,4796649.8525
45252,145335,145335,Rush,Section,20,12,10,Unknown,Patton,Unknown,Orphaned,N,E,0,633990,4371150,gps,,145335,145335,,1,-9511370.5817,4790594.4221
45255,145338,145338,Rush,Section,29,12,10,Elbert E. Meek,Meek,Unknown,Orphaned,N,E,0,634069,4369319,gps,,145338,145338,,1,-9511309.3396,4788214.3394
45273,145356,145356,Rush,Section,13,13,8,Unknown,Unknown,Unknown,Orphaned,N,E,0,622081,4381971,gps,,145356,145356,,1,-9526558.8169,4804918.2267
45295,145378,145378,Rush,Section,26,13,8,Unknown,Westerfield,Unknown,Orphaned,N,E,0,620860,4378237,gps,,145378,145378,,1,-9528216.6573,4800086.473
45302,145385,145385,Rush,Section,34,13,8,Kuhn,Kuhn,Unknown,Orphaned,N,E,0,618911,4376791,gps,,145385,145385,,1,-9530769.7765,4798245.5898
45304,145387,145387,Rush,Section,35,13,8,Unknown,Solomen,Unknown,Orphaned,N,E,0,620910,4376440,gps,,145387,145387,,1,-9528188.2846,4797748.962
45307,145390,145390,Rush,Section,36,13,8,Gahimer,Gahimer,Unknown,Orphaned,N,E,0,621247,4376290,gps,,145390,145390,,1,-9527754.9555,4797547.096
45320,145403,145403,Rush,Section,3,13,9,Rushville Natural Gas Co.,Miller,1,Orphaned,N,E,,628396,4384586,gps,,145403,145403,,1,-9518319.6942,4808187.4603
45329,145412,145412,Rush,Section,5,13,9,,Dearinger,Unknown,Orphaned,N,E,,624140,4385133,gps,,145412,145412,,1,-9523824.8807,4808989.9962
45334,145417,145417,Rush,Section,5,13,9,Unknown,Miller,Unknown,Orphaned,N,E,,624778,4384118,gps,,145417,145417,,1,-9523019.1185,4807655.6785
45349,145432,145432,Rush,Section,11,13,9,Central Fuel Co.,Power,Unknown,Orphaned,N,E,,630410,4382964,gps,,145432,145432,,1,-9515744.7454,4806032.9502
45380,145463,145463,Rush,Section,20,13,9,Unknown,Carr,Unknown,Orphaned,N,E,,625196,4379342,gps,,145463,145463,,1,-9522577.6652,4801433.7118
45383,145466,145466,Rush,Section,21,13,9,Unknown,Alexander,Unknown,Orphaned,N,E,,626346,4380580,gps,,145466,145466,,1,-9521061.8249,4803019.5224
45398,145481,145481,Rush,Section,25,13,9,Farmers Co.,Bankert,Unknown,Orphaned,N,E,,630672,4378778,gps,,145481,145481,,1,-9515496.9647,4800582.3891
45408,145491,145491,Rush,Section,27,13,9,Mull,Mull,2,Orphaned,N,E,,628069,4378998,gps,,145491,145491,,1,-9518863.6219,4800925.1318
45412,145495,145495,Rush,Section,29,13,9,Unknown,Hilligoss,Unknown,Orphaned,N,E,,625263,4377700,gps,,145495,145495,,1,-9522525.3401,4799297.0822
45413,145496,145496,Rush,Section,29,13,9,Unknown,Hilligoss,Unknown,Orphaned,N,E,,624965,4377740,gps,,145496,145496,,1,-9522910.4278,4799355.3616
45424,145507,145507,Rush,Section,33,13,9,Farmers Co.,Alexander,Unknown,Orphaned,N,E,,626076,4376767,gps,,145507,145507,,1,-9521492.1657,4798066.8581
45469,145552,145552,Rush,Section,2,14,8,Snow & Pritchard,Macy,Unknown,Orphaned,N,E,,618869,4394472,gps,,145552,145552,,1,-9530470.8773,4821260.4285
45470,145553,145553,Rush,Section,2,14,8,Snow & Pritchard,Nelson,Unknown,Orphaned,N,E,,619332,4395113,gps,,145553,145553,,1,-9529857.0286,4822086.4064
45474,145557,145557,Rush,Section,10,14,8,Unknown,Johnson,1,Orphaned,N,E,,618863,4393574,gps,,145557,145557,,1,-9530496.6748,4820090.4299
45475,145558,145558,Rush,Section,10,14,8,Unknown,Johnson,2,Orphaned,N,E,,618863,4393457,gps,,145558,145558,,1,-9530499.0207,4819937.9856
45481,145564,145564,Rush,Section,13,14,8,Farmers Natural Gas & Oil Co.,Stanley,Unknown,Orphaned,N,E,,622111,4391168,gps,,145564,145564,,1,-9526331.0905,4816889.8025
45498,145582,145582,Rush,Section,23,14,8,Unknown,Carr,Unknown,Orphaned,N,E,,618945,4389295,gps,,145582,145582,,1,-9530476.0346,4814514.9818
45500,145584,145584,Rush,Section,23,14,8,Unknown,Nelson,Unknown,Orphaned,N,E,,619913,4388778,gps,,145584,145584,,1,-9529230.9296,4813822.2108
45504,145588,145588,Rush,Section,24,14,8,Unknown,Conaway,Unknown,Orphaned,N,E,,622166,4388824,gps,,145588,145588,,1,-9526307.9648,4813836.0216
45524,145608,145608,Rush,Section,34,14,8,Miller,Miller,Unknown,Orphaned,N,E,,617996,4386993,gps,,145608,145608,,1,-9531752.6514,4811536.6669
45528,145612,145612,Rush,Section,35,14,8,Beaver Meadow Natural Gas Co.,Northam,Unknown,Orphaned,N,E,,618985,4386723,gps,,145612,145612,,1,-9530475.649,4811165.3845
45536,145620,145620,Rush,Section,1,14,9,Rushville Natural Gas Co.,Abernathy,Unknown,Orphaned,N,E,,630116,4394600,gps,,145620,145620,,1,-9515870.9018,4821189.9871
45537,145621,145621,Rush,Section,1,14,9,Bechner,Bechner,Unknown,Orphaned,N,E,,631096,4394136,gps,,145621,145621,,1,-9514609.2877,4820563.7233
45539,145623,145623,Rush,Section,1,14,9,Unknown,Jones,Unknown,Orphaned,N,E,,630460,4394606,gps,,145623,145623,,1,-9515424.3134,4821190.2116
45548,145632,145632,Rush,Section,1,14,9,Unknown,Siler,Unknown,Orphaned,N,E,,630437,4395514,gps,,145632,145632,,1,-9515434.1729,4822373.9282
45571,145655,145655,Rush,Section,9,14,9,Unknown,Ball,Unknown,Orphaned,N,E,,625893,4392722,gps,,145655,145655,,1,-9521391.6482,4818834.7252
45593,145677,145677,Rush,Section,12,14,9,Rushville Natural Gas Co.,Ellison,Unknown,Orphaned,N,E,0,630261,4392980,gps,,145677,145677,,1,-9515718.3132,4819076.1209
45594,145678,145678,Rush,Section,12,14,9,Unknown,Porter,Unknown,Orphaned,N,E,0,630480,4393790,gps,,145678,145678,,1,-9515416.321,4820126.5642
45604,145688,145688,Rush,Section,14,14,9,Rushville Natural Gas Co.,Cross,3,Orphaned,N,E,0,629312,4391690,gps,,145688,145688,,1,-9516977.829,4817416.5597
45607,145691,145691,Rush,Section,14,14,9,Unknown,Newhouse,Unknown,Orphaned,N,E,0,629739,4390920,gps,,145691,145691,,1,-9516440.6919,4816404.2995
45661,145745,145745,Rush,Section,23,14,9,Unknown,Hugo,Unknown,Orphaned,N,E,0,628801,4389710,gps,,145745,145745,,1,-9517683.7419,4814849.011
45702,145786,145786,Rush,Section,30,14,9,Unknown,Clark,Unknown,Orphaned,N,E,0,622800,4388580,gps,,145786,145786,,1,-9525490.7481,4813505.1854
45738,145822,145822,Rush,Section,5,14,10,Unknown,Kiser,Unknown,Orphaned,N,E,0,634038,4395480,gps,,145822,145822,,1,-9510760.9432,4822248.9109
45740,145824,145824,Rush,Section,7,14,10,Farmers Community Co.,Green,Unknown,Orphaned,N,E,0,633239,4392651,gps,,145824,145824,,1,-9511861.5994,4818581.1105
45766,145850,145850,Rush,Section,18,14,10,Unknown,Gartin,Unknown,Orphaned,N,E,,632045,4391030,gps,,145850,145850,,1,-9513446.8735,4816496.5075
45809,145893,145893,Rush,Section,5,14,11,Unknown,Kirkpatrick,Unknown,Orphaned,N,E,0,643406,4395670,gps,,145893,145893,,1,-9498597.6176,4822276.2416
45821,145905,145905,Rush,Section,11,15,8,Ripley Northwest Gas Co.,Harter,Unknown,Orphaned,N,E,0,618710,4402976,gps,,145905,145905,,1,-9530506.5537,4832351.3132
45834,145918,145918,Rush,Section,25,15,8,Unknown,Norris,Unknown,Orphaned,N,E,0,621078,4397649,gps,,145918,145918,,1,-9527538.8229,4825356.2687
45835,145919,145919,Rush,Section,26,15,8,Walnut Ridge Gas Co.,Parker,Unknown,Orphaned,N,E,0,618801,4398060,gps,,145919,145919,,1,-9530487.1417,4825938.417
45836,145920,145920,Rush,Section,26,15,8,Walnut Ridge Gas Co.,Pitts,1,Orphaned,N,E,0,619597,4398428,gps,,145920,145920,,1,-9529446.0745,4826402.0877
45838,145922,145922,Rush,Section,26,15,8,Walnut Ridge Gas Co.,Taylor,Unknown,Orphaned,N,E,0,618813,4397219,gps,,145922,145922,,1,-9530488.4464,4824841.8169
44807,144889,14593,Randolph,Section,16,21,12,Tom D. Flesher,FRANCIS D. FLESHER,2,Orphaned,N,E,,653810,4459918,gps,,14593,144889,N,1,-9483402.7069,4906075.404
45860,145944,145944,Rush,Section,6,15,9,Unknown,Vasbinder,Unknown,Orphaned,N,E,,622320,4403504,gps,,145944,145944,,1,-9525804.9742,4832966.1188
45876,145960,145960,Rush,Section,12,15,9,Indiana Soldiers & Sailors,Webster,Unknown,Orphaned,N,E,,631477,4402668,gps,,145960,145960,,1,-9513925.2211,4831677.9427
45877,145961,145961,Rush,Section,13,15,9,Unknown,Apple,Unknown,Orphaned,N,E,,629853,4401130,gps,,145961,145961,,1,-9516068.9295,4829708.091
45894,145978,145978,Rush,Section,18,15,9,Pritchard & Snow,Adkins,Unknown,Orphaned,N,E,,622038,4400287,gps,,145978,145978,,1,-9526237.8856,4828775.9728
45896,145980,145980,Rush,Section,19,15,9,Unknown,Beeson,Unknown,Orphaned,N,E,,623202,4398902,gps,,145980,145980,,1,-9524754.8613,4826945.7911
45906,145990,145990,Rush,Section,20,15,9,Unknown,Alexander,3,Orphaned,N,E,,625002,4399649,gps,,145990,145990,,1,-9522401.5476,4827881.8474
45921,146005,146005,Rush,Section,24,15,9,Unknown,Siler,Unknown,Orphaned,N,E,,629927,4399630,gps,,146005,146005,,1,-9516005.782,4827750.4695
45939,146023,146023,Rush,Section,30,15,9,Unknown,Newby,Unknown,Orphaned,N,E,,622414,4398415,gps,,146023,146023,,1,-9525788.2657,4826327.2816
45940,146024,146024,Rush,Section,30,15,9,Rushville Natural Gas Co.,Newby,Unknown,Orphaned,N,E,,622772,4398526,gps,,146024,146024,,1,-9525321.079,4826464.5475
45950,146034,146034,Rush,Section,33,15,9,Unknown,New York Central Railroad,Unknown,Orphaned,N,E,,625453,4395412,gps,,146034,146034,,1,-9521905.6391,4822349.088
45959,146043,146043,Rush,Section,36,15,9,Unknown,Dillon,Unknown,Orphaned,N,E,,630422,4395905,gps,,146043,146043,,1,-9515445.0328,4822883.8118
45963,146047,146047,Rush,Section,36,15,9,Connersville Gas Co.,Gilson,1,Orphaned,N,E,,631183,4396380,gps,,146047,146047,,1,-9514446.692,4823485.989
46001,146085,146085,Rush,Section,10,15,10,Unknown,Gosnell,Unknown,Orphaned,N,E,,637900,4402978,gps,,146085,146085,,1,-9505573.5044,4831935.185
46003,146087,146087,Rush,Section,10,15,10,Indiana Soldiers & Sailors,Martin,Unknown,Orphaned,N,E,,637900,4402978,gps,,146087,146087,,1,-9505573.5044,4831935.185
46008,146092,146092,Rush,Section,11,15,10,Unknown,Martin,Unknown,Orphaned,N,E,,638026,4403781,gps,,146092,146092,,1,-9505391.0321,4832979.6738
46018,146102,146102,Rush,Section,12,15,10,Connersville Gas Co.,Lamberson,Unknown,Orphaned,N,E,,641084,4403109,gps,,146102,146102,,1,-9501433.8548,4832030.5254
46035,146119,146119,Rush,Section,16,15,10,Unknown,Hudelson,Unknown,Orphaned,N,E,,634700,4402062,gps,,146119,146119,,1,-9509751.8124,4830814.6136
46079,146163,146163,Rush,Section,29,15,10,Bitner,Bitner,Unknown,Orphaned,N,E,,633551,4398427,gps,,146163,146163,,1,-9511326.5598,4826101.0142
46080,146164,146164,Rush,Section,30,15,10,Unknown,Clark,Unknown,Orphaned,N,E,,632706,4398024,gps,,146164,146164,,1,-9512432.7939,4825594.7543
46121,146205,146205,Rush,Section,7,15,11,Connersville Gas Co.,Morgan,1,Orphaned,N,E,0,641923,4402296,gps,,146205,146205,,1,-9500363.4009,4830949.9736
46130,146214,146214,Rush,Section,8,15,11,Connersville Gas Co.,Sweet,Unknown,Orphaned,N,E,0,642535,4402320,gps,,146214,146214,,1,-9499567.8255,4830966.4771
46183,146267,146267,Shelby,Section,10,11,6,Eberhardt,Eberhardt,Unknown,Orphaned,N,E,0,598974,4362847,gps,,146267,146267,,1,-9556819.3494,4780495.3753
46184,146268,146268,Shelby,Section,9,11,7,Unknown,Shipp,Unknown,Orphaned,N,E,0,607020,4364480,gps,,146268,146268,,1,-9546388.6985,4782476.6613
46185,146269,146269,Shelby,Section,10,11,7,Unknown,Shipp,Unknown,Orphaned,N,E,0,609527,4363220,gps,,146269,146269,,1,-9543170.1419,4780795.702
46187,146271,146271,Shelby,Section,22,11,7,Lowe,Speagle,1,Orphaned,N,E,0,609726,4360490,gps,,146271,146271,,1,-9542962.7025,4777249.2125
46198,146282,146282,Shelby,Section,4,11,8,St. Paul Natural Gas & Oil Co.,Phillips,Unknown,Orphaned,N,E,0,617783,4366340,gps,,146282,146282,,1,-9532436.1056,4784689.1797
46210,146294,146294,Shelby,Section,16,11,8,Unknown,Isley,Unknown,Orphaned,N,E,0,616573,4362216,gps,,146294,146294,,1,-9534080.9505,4779359.5861
46212,146296,146296,Shelby,Section,28,11,8,Unknown,Davis,Unknown,Orphaned,N,E,0,617615,4358250,gps,,146296,146296,,1,-9532811.6439,4774193.6816
46213,146297,146297,Shelby,Section,19,12,6,McKensen,McKensen,1,Orphaned,N,E,0,594958,4370230,gps,,146297,146297,,1,-9561894.3989,4790148.2577
46214,146298,146298,Shelby,Section,19,12,6,McKensen,McKensen,2,Orphaned,N,E,0,595025,4370580,gps,,146298,146298,,1,-9561802.1439,4790601.9374
46219,146303,146303,Shelby,Section,1,12,7,No Operator Listed,MIDKIFF,None Listed,Orphaned,N,E,0,612640,4375630,pdms,,146303,146303,,1,-9538912.5018,4796858.2165
46237,146321,146321,Shelby,Section,10,12,7,Bellman,Bellman,Unknown,Orphaned,N,E,0,609123,4373549,gps,,146321,146321,,1,-9543504.4047,4794218.7241
46239,146323,146323,Shelby,Section,10,12,7,Unknown,Laws,Unknown,Orphaned,N,E,0,609045,4372787,gps,,146323,146323,,1,-9543619.2659,4793229.8361
46241,146325,146325,Shelby,Section,11,12,7,Unknown,Burgess,Unknown,Orphaned,N,E,,610980,4373364,gps,,146325,146325,,1,-9541103.971,4793943.9807
46258,146342,146342,Shelby,Section,13,12,7,Unknown,Hamley,Unknown,Orphaned,N,E,,612837,4371969,gps,,146342,146342,,1,-9538726.4978,4792096.2786
46259,146343,146343,Shelby,Section,13,12,7,Unknown,Rahe,Unknown,Orphaned,N,E,,611765,4371877,gps,,146343,146343,,1,-9540115.6051,4791996.9283
46278,146362,146362,Shelby,Section,23,12,7,Unknown,Lux,Unknown,Orphaned,N,E,0,611112,4369931,gps,,146362,146362,,1,-9540996.8254,4789480.8247
46288,146372,146372,Shelby,Section,25,12,7,Unknown,Fischer,Unknown,Orphaned,N,E,0,612291,4368630,gps,,146372,146372,,1,-9539495.7295,4787768.8132
46314,146398,146398,Shelby,Section,5,12,8,Unknown,Kuhn,Unknown,Orphaned,N,E,,614550,4375915,gps,,146398,146398,,1,-9536433.9565,4797192.2663
46320,146404,146404,Shelby,Section,6,12,8,Meltzer,McLaughlin,Unknown,Orphaned,N,E,,613188,4375218,gps,,146404,146404,,1,-9538210.7476,4796312.2329
46335,146419,146419,Shelby,Section,9,12,8,Blue Ridge Gas Co.,Creed,Unknown,Orphaned,N,E,,617218,4374471,gps,,146419,146419,,1,-9533007.656,4795263.2641
46352,146436,146436,Shelby,Section,19,12,8,Citizens Natural Gas & Oil Co.,Miller,5,Orphaned,N,E,,614606,4370615,gps,,146436,146436,,1,-9536462.9855,4790303.3226
46362,146446,146446,Shelby,Section,21,12,8,Unknown,Cartmel,Unknown,Orphaned,N,E,,617826,4369661,gps,,146446,146446,,1,-9532315.24,4789001.2967
46372,146456,146456,Shelby,Section,29,12,8,"Waldron Natural Gas, Oil & Water Co.",Haymond,9,Orphaned,N,E,,615226,4368111,gps,,146456,146456,,1,-9535708.8793,4787038.8244
2835,102377,14646,Vanderburgh,Section,33,5,10,Truman W. Drake,E.L. BLESH,3,Orphaned,S,W,,452985,4211210,pdms,,14646,102377,N,1,-9744445.4963,4586125.4483
46377,146461,146461,Shelby,Section,29,12,8,Unknown,Ben Powell,Unknown,Orphaned,N,E,,616285,4368507,gps,,146461,146461,,1,-9534331.3465,4787532.606
46387,146471,146471,Shelby,Section,30,12,8,"Waldron Natural Gas, Oil & Water Co.",Thompson,Unknown,Orphaned,N,E,,614641,4368971,gps,,146471,146471,,1,-9536449.1541,4788167.0615
46393,146477,146477,Shelby,Section,31,12,8,Unknown,Curtis,Unknown,Orphaned,N,E,0,614677,4367000,gps,,146477,146477,,1,-9536440.2769,4785606.5939
46395,146479,146479,Shelby,Section,31,12,8,"When Gas, Oil & Water Co.",Haymond,Unknown,Orphaned,N,E,0,614527,4367234,gps,,146479,146479,,1,-9536629.813,4785913.338
46396,146480,146480,Shelby,Section,31,12,8,Unknown,Methodist Parsonage,Unknown,Orphaned,N,E,0,614598,4367775,gps,,146480,146480,,1,-9536527.6445,4786614.5409
46398,146482,146482,Shelby,Section,31,12,8,Unknown,Thompson,Unknown,Orphaned,N,E,0,614292,4367530,gps,,146482,146482,,1,-9536928.1213,4786302.2307
46405,146489,146489,Shelby,Section,32,12,8,Southside Gas Co. of Waldron,Redenbaugh,Unknown,Orphaned,N,E,0,615135,4366915,gps,,146489,146489,,1,-9535849.5513,4785487.4095
46411,146495,146495,Shelby,Section,32,12,8,Unknown,Waldron Town Lot,Unknown,Orphaned,N,E,0,614884,4367914,gps,,146495,146495,,1,-9536155.0443,4786789.5651
46413,146497,146497,Shelby,Section,32,12,8,"Waldron Natural Gas, Oil & Water Co.",Waldron Town Lot,Unknown,Orphaned,N,E,0,614904,4367877,gps,,146497,146497,,1,-9536129.8832,4786741.1284
46415,146499,146499,Shelby,Section,32,12,8,"Waldron Natural Gas, Oil & Water Co.",Wright,Unknown,Orphaned,N,E,0,614724,4367233,gps,,146499,146499,,1,-9536375.0329,4785908.2596
46418,146502,146502,Shelby,Section,33,12,8,Unknown,Unknown,Unknown,Orphaned,N,E,0,616387,4367321,gps,,146502,146502,,1,-9534222.4193,4785990.369
46437,146521,146521,Shelby,Section,7,13,7,Unknown,Bassett,Unknown,Orphaned,N,E,,603083,4383846,gps,,146521,146521,,1,-9551145.421,4807718.552
46442,146526,146526,Shelby,Section,12,13,7,Unknown,Brown,Unknown,Orphaned,N,E,,612065,4382634,gps,,146526,146526,,1,-9539525.4615,4805978.4468
46445,146529,146529,Shelby,Section,14,13,7,Southern Indiana Gas Co.,Merks,Unknown,Orphaned,N,E,,610885,4381648,gps,,146529,146529,,1,-9541073.0897,4804717.7253
46458,146542,146542,Shelby,Section,25,13,7,Unknown,Moberly,Unknown,Orphaned,N,E,0,612534,4377650,pdms,,146542,146542,,1,-9539011.6933,4799486.5787
46473,146557,146557,Shelby,Section,36,13,7,Unknown,Kuhn,Unknown,Orphaned,N,E,0,611756,4377120,gps,,146557,146557,,1,-9540029.2458,4798812.0887
46490,146574,146574,Shelby,Section,7,13,8,Manilla Natural Gas Co.,Brown,Unknown,Orphaned,N,E,,613812,4382516,gps,,146574,146574,,1,-9537263.6292,4805791.6553
46512,146597,146597,Shelby,Section,17,13,8,"Phares, Rice, Baker & Meyers Gas Co.",Phares,Unknown,Orphaned,N,E,,614664,4380975,gps,,146597,146597,,1,-9536189.1268,4803770.3951
46517,146602,146602,Shelby,Section,18,13,8,Southern Indiana Natural Gas Co.,Theobold,3,Orphaned,N,E,,613756,4380855,gps,,146602,146602,,1,-9537367.9091,4803631.7553
46527,146612,146612,Shelby,Section,20,13,8,Unknown,Rays Crossing Town Lot,Unknown,Orphaned,N,E,,614335,4379569,gps,,146612,146612,,1,-9536642.3681,4801947.8614
46532,146617,146617,Shelby,Section,28,13,8,Unknown,Holbrook,Unknown,Orphaned,N,E,,616426,4379215,gps,,146617,146617,,1,-9533940.4891,4801446.841
46542,146627,146627,Shelby,Section,30,13,8,Unknown,Neeb,Unknown,Orphaned,N,E,,614181,4377760,gps,,146627,146627,,1,-9536876.4823,4799598.2185
46549,146634,146634,Shelby,Section,32,13,8,Unknown,Cawein,Unknown,Orphaned,N,E,,615752,4376173,gps,,146634,146634,,1,-9534872.5586,4797504.4207
46556,146641,146641,Shelby,Section,33,13,8,Unknown,Kuhn,Unknown,Orphaned,N,E,,617559,4376536,gps,,146641,146641,,1,-9532525.5824,4797940.9263
46610,146695,146695,Shelby,Section,4,14,7,Unknown,Moore,Unknown,Orphaned,N,E,0,605994,4394184,gps,,146695,146695,,1,-9547187.5231,4821130.3912
46611,146696,146696,Shelby,Section,5,14,7,J. Harvey Snider Etal,Carrigan,Unknown,Orphaned,N,E,0,604729,4394797,gps,,146696,146696,,1,-9548818.6453,4821951.8517
46614,146699,146699,Shelby,Section,5,14,7,"Citizens Natural Gas, Oil, & Water Co.",Hardy,Unknown,Orphaned,N,E,0,605978,4394186,gps,,146699,146699,,1,-9547208.2551,4821133.2849
46630,146715,146715,Shelby,Section,10,14,7,Freeport Gas Co.,Wickliff,1,Orphaned,N,E,0,608179,4391840,gps,,146715,146715,,1,-9544394.2135,4818036.6307
46645,146730,146730,Shelby,Section,15,14,7,Freeport Gas Co.,Mellis,Unknown,Orphaned,N,E,0,609114,4390602,gps,,146730,146730,,1,-9543203.7523,4816406.766
46666,146751,146751,Shelby,Section,22,14,7,Freeport Gas Co.,Hill,Unknown,Orphaned,N,E,0,608492,4390061,gps,,146751,146751,,1,-9544020.5975,4815713.5621
46699,146784,146784,Shelby,Section,7,14,8,Unknown,Gordon,Unknown,Orphaned,N,E,0,612618,4392219,gps,,146784,146784,,1,-9538627.1748,4818447.4307
46700,146785,146785,Shelby,Section,8,14,8,Blue River Gas Company,Engle,Unknown,Orphaned,N,E,0,615602,4393563,gps,,146785,146785,,1,-9534728.9741,4820140.8466
46701,146786,146786,Shelby,Section,8,14,8,Unknown,Nelson,Unknown,Orphaned,N,E,0,614186,4393275,gps,,146786,146786,,1,-9536572.2151,4819793.147
46704,146789,146789,Shelby,Section,16,14,8,Blue River Gas Company,Ball,Unknown,Orphaned,N,E,0,615834,4391180,gps,,146789,146789,,1,-9534474.4259,4817031.7792
46713,146798,146798,Shelby,Section,17,14,8,Evans,Evans,Unknown,Orphaned,N,E,0,615653,4390336,gps,,146798,146798,,1,-9534725.701,4815936.006
46714,146799,146799,Shelby,Section,17,14,8,Gwynneville Natural Gas Co.,Evans,Unknown,Orphaned,N,E,0,615629,4391534,gps,,146799,146799,,1,-9534733.494,4817496.9171
46718,146803,146803,Shelby,Section,17,14,8,Gwynneville Natural Gas Co.,Polliett & Evans,Unknown,Orphaned,N,E,0,615638,4391253,gps,,146803,146803,,1,-9534727.2933,4817130.706
46719,146804,146804,Shelby,Section,17,14,8,Morrison Fuel & Light Co.,Wagoner,Unknown,Orphaned,N,E,0,614234,4391320,gps,,146804,146804,,1,-9536547.5764,4817245.2843
46723,146808,146808,Shelby,Section,20,14,8,Unknown,Talbert,Unknown,Orphaned,N,E,0,614455,4389517,gps,,146808,146808,,1,-9536295.6079,4814892.6683
46747,146832,146832,Shelby,Section,29,14,8,Morristown Fuel & Light Co.,Talbert,Unknown,Orphaned,N,E,0,614891,4387483,gps,,146832,146832,,1,-9535769.3941,4812235.6678
46759,146844,146844,Shelby,Section,32,14,8,Citizens Natural Gas & Oil Co.,Talbert,Unknown,Orphaned,N,E,0,614816,4386976,gps,,146844,146844,,1,-9535876.4453,4811577.0467
46861,146946,146946,Tipton,Section,9,21,3,Indiana Natural Gas & Oil Co.,Adams,0,Orphaned,N,E,,569338,4460098,gps,,146946,146946,,1,-9593988.2302,4907956.5747
46882,146967,146967,Tipton,Section,20,21,3,Unknown,Puckett,0,Orphaned,N,E,,566973,4456451,gps,,146967,146967,,1,-9597127.6918,4903191.2771
46945,147030,147030,Tipton,Section,19,21,5,Unknown,Miller,0,Orphaned,N,E,0,584315,4455690,gps,,147030,147030,,1,-9574440.7891,4901962.8112
46980,147065,147065,Tipton,Section,20,21,6,Unknown,Myerly,0,Orphaned,N,E,0,596468,4456710,gps,,147065,147065,,1,-9558520.0475,4903111.5297
46981,147066,147066,Tipton,Section,29,21,6,Unknown,Yarling,0,Orphaned,N,E,0,595277,4455430,gps,,147066,147066,,1,-9560099.9422,4901449.7785
46995,147080,147080,Tipton,Section,2,22,3,Unknown,Unknown,0,Orphaned,N,E,,571102,4471297,gps,,147080,147080,,1,-9591539.4418,4922668.5188
47012,147097,147097,Tipton,Section,10,22,3,Indiana Natural Gas & Oil Co.,Thompson,1,Orphaned,N,E,,570076,4468916,gps,,147097,147097,,1,-9592914.1462,4919546.9106
47116,147201,147201,Tipton,Section,24,22,4,Indiana Natural Gas & Oil Co.,Hughes,0,Orphaned,N,E,,582253,4465191,gps,,147201,147201,,1,-9577003.3667,4914483.0832
47190,147275,147275,Tipton,Section,21,22,5,Unknown,Todd,0,Orphaned,N,E,,588611,4465799,gps,,147275,147275,,1,-9568663.0501,4915187.86
47215,147300,147300,Tipton,Section,5,22,6,Indiana Natural & Illuminating Gas,Scott,0,Orphaned,N,E,0,595382,4470350,gps,,147300,147300,,1,-9559714.8202,4921067.3711
47229,147314,147314,Tipton,Section,17,22,6,Unknown,Hutcherson,0,Orphaned,N,E,0,595044,4467120,gps,,147314,147314,,1,-9560211.5649,4916822.383
47230,147315,147315,Tipton,Section,17,22,6,Unknown,Hutcherson,0,Orphaned,N,E,0,595033,4467910,gps,,147315,147315,,1,-9560212.8851,4917862.0267
47238,147323,147323,Tipton,Section,19,22,6,Indiana Natural & Illuminating Gas,Russell,0,Orphaned,N,E,0,594319,4467080,gps,,147323,147323,,1,-9561162.3911,4916781.7737
47241,147326,147326,Tipton,Section,20,22,6,Unknown,Huthinson,0,Orphaned,N,E,0,595451,4465510,gps,,147326,147326,,1,-9559704.9542,4914697.5415
47242,147327,147327,Tipton,Section,20,22,6,Indiana Natural & Illuminating Gas Co.,Leatherman,1,Orphaned,N,E,0,595448,4466820,gps,,147327,147327,,1,-9559687.0872,4916420.9431
47254,147339,147339,Tipton,Section,32,22,6,Unknown,Wilburn,0,Orphaned,N,E,0,595161,4462300,gps,,147339,147339,,1,-9560138.1371,4910480.7593
47489,147576,147576,Wabash,Section,14,27,5,Unknown Operator,Mark Engleman,,Orphaned,N,E,,590113,4515085,scaled,,147576,147576,,1,-9565912.0125,4980212.9656
2812,102354,1520,Vanderburgh,Section,32,5,10,Vanderburgh Oil Corporation,George W. Hornby,10-174A,Orphaned,S,W,,451871,4210490,pdms,,1520,102354,N,1,-9745853.4104,4585199.9491
54559,154990,154990,Spencer,Section,11,6,4,C.A. Busick,C.A. Busick,3,Orphaned,S,W,0,515639,4207431,gps,,154990,154990,,1,-9664963.4842,4581465.4609
55831,156262,156262,Pike,Section,30,1,7,robinson,preston,1,Orphaned,N,W,0,479791,4260682,gps,,156262,156262,,1,-9710593.6616,4649486.5044
57729,158217,158217,Henry,Section,1,16,8,Unknown,Morris,Unknown,Orphaned,N,E,0,620849,4414047,gps,,158217,158217,,1,-9527500.0228,4846760.3808
57750,158239,158239,Henry,Section,13,16,8,Knightstown Natural Gas Co.,Scott,Unknown,Orphaned,N,E,0,620473,4411485,gps,,158239,158239,,1,-9528041.8007,4843421.7196
57756,158245,158245,Henry,Section,25,16,8,Knightstown Natural Gas Co.,Crouse,Unknown,Orphaned,N,E,0,620431,4407430,gps,,158245,158245,,1,-9528179.4045,4838128.3184
57773,158262,158262,Henry,Section,5,16,9,Snyder Gas Co.,Manlove,Unknown,Orphaned,N,E,0,623769,4413961,gps,,158262,158262,,1,-9523702.3105,4846586.99
57914,158403,158403,Henry,Section,8,16,10,Spiceland Gas Co.,Payne,Unknown,Orphaned,N,E,,633435,4413100,pdms,,158403,158403,,1,-9511145.125,4845249.9218
57954,158443,158443,Henry,Section,1,16,11,Richmond Gas,Sites,Unknown,Orphaned,N,E,,648991,4414215,gps,,158443,158443,,1,-9490880.7606,4846330.9027
57969,158458,158458,Henry,Section,13,16,11,Richmond Gas,Cox,1,Orphaned,N,E,,649441,4412165,gps,,158458,158458,,1,-9490347.4525,4843642.2398
58065,158554,158554,Henry,Section,3,17,9,Unknown,Lynsey,Unknown,Orphaned,N,E,,629195,4423155,gps,,158554,158554,,1,-9516439.6341,4858486.9114
58072,158561,158561,Henry,Section,5,17,9,Richmond Gas,Gard,Unknown,Orphaned,N,E,,626473,4424469,gps,,158561,158561,,1,-9519957.1832,4860265.3276
58079,158568,158568,Henry,Section,6,17,9,Riggs,Riggs,1,Orphaned,N,E,0,623246,4423300,gps,,158568,158568,,1,-9524186.4697,4858805.4263
58100,158589,158589,Henry,Section,11,17,9,Wissing,Wissing,Unknown,Orphaned,N,E,,631322,4421888,gps,,158589,158589,,1,-9513697.2625,4856782.4793
58137,158626,158626,Henry,Section,16,17,9,Richmond Gas,Ratcliffe,Unknown,Orphaned,N,E,,627963,4419619,gps,,158626,158626,,1,-9518121.8432,4853890.5507
58160,158649,158649,Henry,Section,22,17,9,Unknown,Stanley,Unknown,Orphaned,N,E,0,628190,4418818,gps,,158649,158649,,1,-9517843.7874,4852838.5072
58216,158705,158705,Henry,Section,15,17,10,Elmer C. Ayres,Ayres,1,Orphaned,N,E,0,638970,4421077,gps,,158705,158705,,1,-9503755.6371,4855544.8553
58239,158728,158728,Henry,Section,31,17,10,Unknown,Stratton,Unknown,Orphaned,N,E,,634309,4414970,gps,,158728,158728,,1,-9509965.3557,4847672.6267
58259,158748,158748,Henry,Section,13,18,8,Unknown,Weeks,Unknown,Orphaned,N,E,0,622666,4430560,gps,,158748,158748,,1,-9524789.5837,4868317.7997
58288,158777,158777,Henry,Section,14,18,9,Unknown,Peckinpaugh,Unknown,Orphaned,N,E,,630089,4430912,gps,,158777,158777,,1,-9515102.2386,4868617.0835
58293,158782,158782,Henry,Section,17,18,9,Unknown,Connell,Unknown,Orphaned,N,E,,625605,4430122,gps,,158782,158782,,1,-9520966.5384,4867681.5867
58327,158816,158816,Henry,Section,32,18,9,Richmond gas,Van Winkle,Unknown,Orphaned,N,E,,625621,4425681,gps,,158816,158816,,1,-9521041.2457,4861869.3243
58332,158821,158821,Henry,Section,33,18,9,Richmond,White,Unknown,Orphaned,N,E,,627214,4425704,gps,,158821,158821,,1,-9518964.825,4861864.815
58367,158856,158856,Henry,Section,31,19,9,Unknown,Summers,Unknown,Orphaned,N,E,,624756,4434458,gps,,158856,158856,,1,-9521980.7173,4873377.6691
58831,159330,159330,Tipton,Section,20,22,6,Indiana Natural & Illuminating Gas Co.,Drake,1,Orphaned,N,E,0,595892,4465520,gps,,159330,159330,,1,-9559126.9496,4914703.3138
60888,161605,16086,Jay,Section,15,23,13,Fred Bowen,John Kwis,2,Orphaned,N,E,,663466,4478760,pdms,,16086,161605,N,1,-9470228.6526,4930592.8768
35473,135411,16150,Decatur,Section,17,11,10,Sam W. Shirk,SAM W. SHIRK,1,Orphaned,N,E,,635108,4361930,gps,,16150,135411,N,1,-9510131.6167,4778598.9805
34802,134719,16152,Decatur,Section,9,9,9,Earl A. Brewer,TICHENOR,3,Orphaned,N,E,,626940,4343768,gps,,16152,134719,N,1,-9521069.4998,4755237.7705
60876,161593,161593,Jay,Section,16,23,12,Unknown,Unknown,Unknown,Orphaned,N,E,,652189,4477804,pdms,,161593,161593,,1,-9485049.3391,4929646.8173
60877,161594,161594,Jay,Section,16,23,12,Unknown,Unknown,Unknown,Orphaned,N,E,,653612,4479074,gps,,161594,161594,,1,-9483148.3631,4931281.2727
60940,161657,161657,Jay,Section,30,23,13,Unknown,Claycomb,Unknown,Orphaned,N,E,0,658603,4474740,gps,,161657,161657,,1,-9476720.2306,4925437.3212
34962,134894,16215,Decatur,Section,12,10,8,Paul J. Ernstes,PAUL ERNSTES,1,Orphaned,N,E,,622788,4354905,gps,,16215,134894,,1,-9526197.021,4769752.362
65181,166479,166479,Shelby,Section,32,12,8,,,,Orphaned,N,E,0,614752,4367498,gps,,166479,166479,,1,-9536333.7477,4786251.8551
65261,166559,166559,Gibson,Section,1,1,11,Unknown Operator,unknown,,Orphaned,S,W,,446467,4248081,scaled,,166559,166559,,0,-9753024.1962,4633152.1322
45430,145513,1726,Rush,Section,34,13,9,Eastern Indiana Gas Company,Johnson,2,Orphaned,N,E,,628689,4377200,pdms,,1726,145513,N,0,-9518099.3347,4798573.849
70237,173130,173130,Adams,Section,24,25,13,"Unknown Operator, North",Unknown,Unknown,Orphaned,N,E,0,668715,4496830,gps,,173130,173130,,1,-9462806.3245,4954265.5228
8520,108141,17383,Dubois,Section,2,3,5,Allen Hasenour,Anthony Hurst,3,Orphaned,S,W,,505142,4237037,gps,,17383,108141,N,1,-9678251.5805,4619252.8833
71584,174477,174477,Jay,Section,,,,Unknown,Unknown,Unknown,Orphaned,,,0,661328,4488480,gps,,174477,174477,,0,-9472758.1881,4943463.9834
34761,134676,19119,Decatur,Section,16,9,8,Myrtle Blauvelt,BLANVELT,1,Orphaned,N,E,0,617985,4343550,gps,,19119,134676,,1,-9532620.6816,4755137.1664
76760,200195,200195,Pike,Section,15,1,9,Unknown Operator,Gladish?,,Orphaned,S,W,0,465903,4252836,gps,,200195,200195,,1,-9728279.3252,4639374.4474
76798,200234,200234,Howard,Section,36,24,3,Unknown Operator,unknown land owner Trenton,,Orphaned,N,E,0,572702,4482459,gps,,200234,200234,,1,-9589298.9374,4937354.838
76801,200237,200237,Knox,Section,3,4,9,Unknown Operator,,,Orphaned,N,W,0,464657,4294822,gps,,200237,200237,,1,-9730105.6491,4693271.4
76804,200240,200240,Jay,Section,26,24,13,"Unknown Operator, North",unknown,,Orphaned,N,E,0,667991,4486371,aerophoto,,200240,200240,,1,-9464068.0107,4940489.4861
76805,200241,200241,Sullivan,Section,19,9,9,Dome Gas Co.,Marts,,Orphaned,N,W,0,461246,4340478,gps,,200241,200241,,1,-9734767.0281,4752187.9322
76806,200242,200242,Jay,Section,10,23,15,"Unknown Operator, North",unknown,,Orphaned,N,E,0,682964,4481753,gps,,200242,200242,,1,-9444555.6254,4933940.7574
76813,200249,200249,Shelby,Section,6,12,8,"Unknown Operator, North",,,Orphaned,N,E,0,614206,4375240,gps,,200249,200249,,1,-9536892.2845,4796321.3878
76826,200262,200262,Wells,Section,32,25,11,"Unknown Operator, North",unknown,,Orphaned,N,E,0,642560,4493195,gps,,200262,200262,,1,-9497296.3031,4950188.78
76830,200266,200266,Jay,Section,26,24,14,"Unknown Operator, North",unknown trenton,,Orphaned,N,E,0,677457,4486559,gps,0,200266,200266,,1,-9451632.1715,4940448.7691
8576,108197,24547,Dubois,Section,3,3,5,Amelia Feldmeyer,OSCAR H. FELDMEYER,1,Orphaned,S,W,,504526,4236813,gps,,24547,108197,N,1,-9679035.7804,4618967.0681
27373,127187,2670,Jennings,Section,11,8,9,Hahn,Hahn,1,Orphaned,N,E,0,629832,4335680,gps,,2670,127187,,1,-9517513.4927,4744711.0305
28516,128342,28121,Gibson,Section,33,1,10,Jackie K. Pollock,John Kerzan,1,Orphaned,S,W,,454250,4247915,gps,,28121,128342,N,1,-9743103.963,4633001.042
28312,128135,28162,Gibson,Section,17,1,10,D.O. Horrall,GEORGE MCDANIEL,1,Orphaned,S,W,,452110,4253220,pdms,,28162,128135,N,1,-9745871.464,4639776.1959
35276,135213,29833,Decatur,Section,22,11,8,Frank J. Smith,FRANK J.SMITH,1,Orphaned,N,E,,619029,4360870,gps,,29833,135213,N,1,-9530933.126,4777564.6793
28520,128346,31010,Gibson,Section,33,1,10,Jackie K. Pollock,John Kerzan,6,Orphaned,S,W,,454089,4248510,pdms,,31010,128346,N,1,-9743313.4668,4633761.3278
30310,130162,31030,Gibson,Section,15,2,9,Totem Petroleum Corporation,Harrison Bryant,4,Orphaned,S,W,0,465503,4244464,aerophoto,,31030,130162,,1,-9728743.7433,4628657.2619
4658,104233,31091,Spencer,Section,22,4,5,Integrity Energy Systems Inc,Louis Meyer,2,Orphaned,S,W,,503967,4223520,scaled,,31091,104233,N,1,-9679755.5233,4601992.2255
57961,158450,3215,Henry,Section,12,16,11,Ohio Oil Company,May,1,Orphaned,N,E,0,649925,4413130,gps,,3215,158450,,1,-9489693.3521,4844890.0141
35978,135953,3415,Fayette,Section,15,13,11,J. Harvey Snider Etal,ASHER SIZEMORE,1,Orphaned,N,E,,647457,4382970,gps,,3415,135953,N,1,-9493655.2102,4805641.6053
59277,159779,3433,Pike,Survey,15,1,9,S. R. Travis,Essie Stewart,2,Orphaned,N,W,,465583,4261103,scaled,,3433,159779,N,1,-9728732.5748,4649964.1739
2863,102405,3463,Vanderburgh,Section,33,5,10,Truman W. Drake,JOHN EFFINGER,11,Orphaned,S,W,,452154,4210800,pdms,,3463,102405,N,1,-9745496.7141,4585596.975
46209,146293,3523,Shelby,Section,16,11,8,Davis,Davis,1,Orphaned,N,E,0,617731,4361910,gps,,3523,146293,,1,-9532590.1806,4778939.8297
34966,134898,35470,Decatur,Section,14,10,8,William & Barbara Smiley,WM. & B. SMILEY,5,Orphaned,N,E,,619814,4352596,gps,,35470,134898,N,1,-9530083.1623,4766819.2079
40976,141037,3587,Jay,Section,3,22,15,Unknown,HOMER SHEFFER,1,Orphaned,N,E,,683796,4474020,gps,,3587,141037,N,1,-9443712.7651,4923732.6364
30327,130179,36047,Gibson,Section,15,2,9,Totem Petroleum Corporation,L. WIRTH,4,Orphaned,S,W,0,465279,4243921,gps,,36047,130179,,1,-9729026.1257,4627961.4492
30448,130302,36262,Gibson,Section,21,2,9,Cherokee Drilling Corp.,Ermel Seamon,5,Orphaned,S,W,,464043,4241841,scaled,,36262,130302,N,1,-9730588.7861,4625294.3095
8312,107933,36437,Dubois,Section,23,3,4,James & Lee Leinenbach,JAMES & LEE LEINENBACH,3,Orphaned,S,W,,516327,4232323,gps,,36437,107933,N,1,-9664027.5317,4613210.8314
30439,130292,36599,Gibson,Section,21,2,9,Cherokee Drilling Corp.,ERMEL SEAMON,1,Orphaned,S,W,,464051,4242039,scaled,,36599,130292,N,1,-9730579.7205,4625547.558
46408,146492,3677,Shelby,Section,32,12,8,"Waldron Gas Co.,",Sever,14,Orphaned,N,E,0,614836,4366592,gps,,3677,146492,,1,-9536242.4428,4785073.7436
39891,139951,36870,Hancock,Section,14,17,8,Hanna,Hanna,1,Orphaned,N,E,0,621578,4419940,gps,,36870,139951,,1,-9526429.2964,4854446.7175
39241,139299,37325,Hancock,Section,17,15,6,"Philadelphia Prospect & Geoservices, Inc.",John H. & Marvin G. Ortel,1,Orphaned,N,E,0,594690,4400760,gps,,37325,139299,,1,-9561755.1979,4829896.3974
41881,141944,3836,Jay,Section,31,24,15,C.F. Kimmell,WALTER WRIGHT,1,Orphaned,N,E,,681573,4483780,pdms,,3836,141944,N,1,-9446316.2749,4936655.9336
45497,145581,3920,Rush,Section,23,14,8,Arlington Natural Gas Co.,Addison,1,Orphaned,N,E,,620521,4390018,gps,,3920,145581,,1,-9528417.2189,4815424.6328
27856,127674,43931,Gibson,Military Donation,88,1,10,Neer Oil Corp.,Bobby Joe Schoultz,1,Orphaned,S,W,,455408,4253694,gps,,43931,127674,N,1,-9741668.9622,4640407.4656
50091,150433,44694,Gibson,Section,15,1,10,Neer Oil Corp.,Harvey-Kolb Unit,1,Orphaned,S,W,,455344,4253218,gps,,44694,150433,N,1,-9741747.2156,4639797.4498
8102,107722,48976,Dubois,Section,6,2,5,"Petro Union, Inc.",ARMSTRONGS FARM,1,Orphaned,S,W,,499444,4246924,gps,,48976,107722,N,0,-9685504.8243,4631898.9865
15640,115332,50859,Pike,Section,23,1,9,Perry C. Andrews,Enos Loveless,10,Orphaned,S,W,,467449,4252632,gps,,50859,115332,N,1,-9726306.7379,4639121.4211
399,50891,50891,Decatur,Section,31,9,9,Clifford Glover,MCKELVEY,TWP004,Orphaned,N,E,,624796,4338146,gps,,50891,50891,N,1,-9523949.582,4748006.6301
20054,119799,50993,Sullivan,Section,1,8,10,Cummins Petroleum Co.,G.W.Osborn,11,Orphaned,N,W,,459919,4334964,scaled,,50993,119799,,1,-9736441.6786,4745043.2894
20059,119804,50996,Sullivan,Section,1,8,10,Cummins Petroleum Co.,G.W. Osburn,9,Orphaned,N,W,,459809,4334831,aerophoto,,50996,119804,,1,-9736582.5333,4744870.4992
20055,119800,50997,Sullivan,Section,1,8,10,Cummins Petroleum Co.,G.W.Osborn,13,Orphaned,N,W,,460036,4334919,scaled,,50997,119800,N,1,-9736290.6301,4744985.8456
45421,145504,51009,Rush,Section,32,13,9,Big Flat Rock Gas Co.,J. GARNER,2,Orphaned,N,E,0,624975,4376229,gps,,51009,145504,,1,-9522929.0948,4797390.6659
19988,119733,51015,Sullivan,Section,1,8,10,George Heap,W. T. Dix,10,Orphaned,N,W,,460138,4335476,scaled,,51015,119733,,1,-9736162.8557,4745707.1337
19987,119732,51016,Sullivan,Section,1,8,10,Kennedy Oil Co.,W.T. Dix,9,Orphaned,N,W,,460129,4335369,scaled,,51016,119732,N,1,-9736173.7514,4745568.6398
41701,141763,51025,Jay,Section,20,24,13,Hershell Duke,DUKE,1,Orphaned,N,E,0,662234,4486480,gps,,51025,141763,,0,-9471625.1101,4940800.9541
39323,139382,51143,Hancock,Section,27,15,7,Thomas Pope,POPE,1,Orphaned,N,E,0,607624,4397115,gps,,51143,139382,,1,-9545018.5489,4824921.1536
15126,114808,51421,Pike,Section,6,1,8,Central Refining Company,J. H. Willis,1,Orphaned,S,W,,470624,4257056,gps,,51421,114808,N,1,-9722278.5205,4644803.5436
59778,160332,51551,Madison,Section,26,19,8,Max & Delberta Amos,AMOS,1,Orphaned,N,E,0,620632,4436991,gps,,51551,160332,,0,-9527308.728,4876783.3803
25089,124867,5397,Harrison,Section,3,6,5,"L.D. Albertson, Jr.",Harold McCauley,1,Orphaned,S,E,,591905,4208700,pdms,,5397,124867,N,1,-9568236.3773,4582441.8507
7702,107318,5555,Dubois,Section,25,1,4,Delcas G. Neukam,Neukam,3,Orphaned,N,W,,517666,4259769,gps,,5555,107318,N,1,-9662247.6665,4648323.9864
39339,139398,58,Hancock,Section,34,15,7,J. Harvey Snider Etal,Orders,1,Orphaned,N,E,0,608834,4396709,gps,,58,139398,,1,-9543454.8761,4824369.6747
2884,102426,6571,Vanderburgh,Section,33,5,10,Truman W. Drake,JOHN EFFINGER,2A,Orphaned,S,W,,452590,4211430,pdms,,6571,102426,N,1,-9744948.2455,4586402.8143
40838,140899,80,Jasper,Section,28,31,5,B & B Oil Co.,Nelson,1,Orphaned,N,W,,500160,4550722,gps,,80,140899,,1,-9684584.183,5028253.6516
32369,132247,809,Gibson,Section,13,3,14,Jack Myers,Fifer Heirs,1,Orphaned,S,W,,419267,4234930,gps,,809,132247,N,1,-9787519.8151,4616048.0084
40837,140898,81,Jasper,Section,28,31,5,B & B Oil Co.,Nelson,2,Orphaned,N,W,,500189,4550735,gps,,81,140898,,1,-9684545.7345,5028270.952
11896,111549,894,Posey,Section,5,6,12,Gulf Refining Company,Fred H. Schroeder,1,Orphaned,S,W,0,431900,4209356,scaled,,894,111549,,0,-9771175.0716,4583574.3697
